mlb_id,name,team,single,double,triple,hr,sb,r,rbi,cs,k,bb,avg,wt_avg,woba,std_plus,pa
683002,Gunnar Henderson,BAL,101.567376,32.803557,6.778278,34.70805,23.034,113.774,94.23,4.6005835,146.58,75.384,0.282449,0.0920059,0.3770042,10.0846487,698
596019,Francisco Lindor,NYM,101.282464,36.226575,2.4395,32.0374656,22.304,108.732,92.004,4.879,130.339,66.215,0.2726539,0.088688,0.3566924,9.4047324,697
677951,Bobby Witt Jr.,KC,108.038688,41.15622,9.45864,35.0871,36.192,112.752,103.008,11.0468142,111.36,58.464,0.3038897,0.0987064,0.3914405,12.0672964,696
682998,Corbin Carroll,ARI,90.832641,33.27165,14.34516,25.008672,40.078,112.633,81.538,8.7564389,134.054,71.864,0.26401,0.0851371,0.353455,10.3771076,691
680757,Steven Kwan,CLE,132.404224,29.19872,4.557312,9.1504,19.1264,97.008,59.856,4.3587738,70.864,74.992,0.2859843,0.0918229,0.3356372,5.5584202,688
665742,Juan Soto,NYM,90.108736,35.10864,2.408,36.062208,7.568,114.208,97.696,3.2234932,112.832,123.152,0.2897905,0.093045,0.4142468,8.6497537,688
665489,Vladimir Guerrero Jr.,TOR,111.02256,40.415872,1.783296,34.952464,4.128,94.944,107.328,1.6123866,99.072,68.8,0.3038989,0.0975748,0.3910433,8.0212546,688
663586,Austin Riley,ATL,94.41441,36.991515,2.6106,39.041523,2.1984,105.111,100.989,0.6886841,165.567,57.021,0.2747045,0.088073,0.3659494,7.9893058,687
694192,Jackson Chourio,MIL,108.934155,33.187596,4.674348,25.367475,30.228,96.867,83.127,6.9828476,137.4,48.09,0.2694645,0.086393,0.3335012,8.9137149,687
663656,Kyle Tucker,CHC,92.922816,36.36486,3.76957,33.0877008,19.208,102.9,96.04,4.5807487,102.9,90.552,0.2790251,0.089328,0.3827043,9.1295201,686
607208,Trea Turner,PHI,115.33718,35.558124,4.893238,24.84006,20.58,101.528,79.576,4.546614,135.828,45.276,0.2819133,0.0902526,0.3426328,7.9494525,686
642715,Willy Adames,SF,88.773888,34.723262,0.786156,26.10573,11.662,91.238,86.436,4.6196128,179.046,74.088,0.2457691,0.0786813,0.3304631,6.5817035,686
682829,Elly De La Cruz,CIN,88.476654,32.804928,5.8301,27.345528,57.29,101.1,84.924,14.8857586,204.896,68.748,0.2551949,0.0802698,0.3423304,12.1045222,674
665487,Fernando Tatis Jr.,SD,94.319136,32.3698435,1.586793,39.273627,22.678,103.385,97.382,4.5715578,142.071,62.031,0.2769553,0.0862096,0.3716934,10.062848,667
645277,Ozzie Albies,ATL,102.748776,33.8875955,3.07325,22.577065,14.881,87.992,85.404,3.1909872,103.52,44.643,0.2694194,0.0813492,0.3307902,6.5580592,647
668804,Bryan Reynolds,PIT,105.756966,34.319376,3.024945,25.639719,8.148,90.986,83.517,2.6181029,145.985,58.394,0.2718972,0.0861578,0.3429265,6.2973805,679
605141,Mookie Betts,LAD,98.444601,38.48068,3.966543,29.0433,17.602,111.705,98.165,3.5117711,89.364,81.917,0.2855654,0.0902224,0.378489,8.9360923,677
680776,Jarren Duran,BOS,102.452532,38.09598,5.710848,18.322304,33.8,101.4,71.656,6.2406154,159.536,53.404,0.2643474,0.0833954,0.3264858,8.3064112,676
678662,Ezequiel Tovar,COL,101.6871648,34.168758,3.9208,23.08878,10.14,84.5,82.472,3.622209,187.928,26.364,0.2507027,0.0790908,0.3003945,5.7979858,676
677594,Julio Rodriguez,SEA,103.8933,36.13545,2.689875,29.403,27,97.2,91.8,6.075,155.925,45.9,0.2735998,0.0861866,0.3433788,9.2235517,675
621020,Dansby Swanson,CHC,96.524352,28.16505,2.218881,21.254013,17.498,81.433,77.395,4.0702117,167.577,64.608,0.243531,0.0764873,0.3139821,6.0948819,673
650490,Yandy Diaz,TB,117.214391,34.456254,1.485984,17.98929,2.8266,91.0569,67.973,0.7540888,104.315,69.319,0.2835039,0.0890419,0.346199,4.5692967,673
547180,Bryce Harper,PHI,95.038944,34.175232,2.054304,32.92128,8.736,95.1552,101.472,3.2538776,141.792,89.376,0.2818108,0.0883786,0.3836853,7.8457284,672
621566,Matt Olson,ATL,78.55397,30.217814,0.063745,38.801246,0.671,98.637,110.044,0.2104761,161.04,76.494,0.2483352,0.0777644,0.3547715,7.5343091,671
608070,Jose Ramirez,CLE,97.8112,39.6814,2.8152,29.716,32.64,97.24,99.28,7.5898088,86.36,57.8,0.2732623,0.0867179,0.3528348,10.1428108,680
664023,Ian Happ,CHC,85.41696,29.84649,2.94532,25.00641,12.06,93.8,81.74,3.2918798,162.14,75.71,0.2409853,0.0753504,0.328329,6.3362585,670
663697,Jonathan India,KC,101.24772,36.3475,3.64212,16.1135,16.08,91.79,67,3.2959436,131.32,77.72,0.2656697,0.0830686,0.3383837,5.6561953,670
686668,Brenton Doyle,COL,93.57972,27.633714,4.85025,23.8883175,34.119,86.97,69.576,6.8215733,187.32,46.83,0.2410145,0.0752471,0.3065518,8.0812946,669
514888,Jose Altuve,HOU,116.723775,33.982524,1.842426,20.118837,22.077,97.005,67.569,4.66076,114.399,55.527,0.2814591,0.0878743,0.339607,7.0545113,669
683011,Anthony Volpe,NYY,96.336,30.153837,3.976536,21.321699,30.774,90.315,67.569,6.6450942,147.18,52.851,0.2463496,0.0769127,0.3114024,7.5583323,669
624413,Pete Alonso,FA,78.273,28.098,0,36.126,2.007,90.315,100.8183,1.1110579,163.905,64.893,0.2358804,0.0736441,0.331287,6.7293547,669
668901,Mark Vientos,NYM,81.103216,31.563,0,39.053952,1.336,86.84,102.872,0.4091628,191.048,56.78,0.2482251,0.0773824,0.3423077,7.0201989,668
691026,Masyn Winn,STL,113.19594,32.352576,4.647944,13.873024,16.7,87.508,66.8,3.6908473,112.892,50.1,0.2655276,0.0827764,0.3146143,5.3600197,668
606466,Ketel Marte,ARI,97.872912,35.6845,5.538768,29.091872,7.337,100.717,92.713,2.2327808,114.724,76.705,0.284922,0.0886895,0.3765973,7.2245615,667
543760,Marcus Semien,TEX,94.141047,32.2828,3.865932,20.001996,8.671,92.713,68.701,2.4781104,101.384,62.698,0.2487031,0.0774154,0.319451,5.0943563,667
646240,Rafael Devers,BOS,88.99592,34.48484,2.804736,34.065856,2.656,95.616,97.608,1.2078106,136.12,70.384,0.2701264,0.0837058,0.3661723,7.0085105,664
518692,Freddie Freeman,LAD,102.30912,38.06712,2.223072,25.12576,9.296,102.256,100.264,2.6279323,106.24,77.688,0.286068,0.0886457,0.3698875,7.3519207,664
656941,Kyle Schwarber,PHI,66.882114,22.046076,0,42.3657,4.641,100.776,90.168,1.5177697,196.248,92.157,0.23,0.0711642,0.3552404,7.5222314,663
623993,Anthony Santander,TOR,75.48255,34.77435,1.145664,36.016812,3.978,84.864,100.113,0.9528799,135.915,55.029,0.2424776,0.0750249,0.3351219,6.7926099,663
592450,Aaron Judge,NYY,76.2624,27.933752,0.491866,53.110274,5.958,112.54,114.526,2.0111211,176.754,107.906,0.2847861,0.0879827,0.4296021,10.4242553,662
666182,Bo Bichette,TOR,115.17264,35.362839,2.85552,21.943878,7.932,88.574,80.642,2.7567662,125.59,43.626,0.2840011,0.0876076,0.3396495,5.7998249,661
686469,Vinnie Pasquantino,KC,102.295252,39.325825,2.686743,21.9447,0.659,85.011,100.168,0.628958,87.647,61.287,0.2781477,0.0855423,0.34916,5.4352849,659
650333,Luis Arraez,SD,150.325542,32.831604,2.605005,6.108129,7.884,83.439,57.816,2.3360899,36.135,33.507,0.3077345,0.0943543,0.3245491,3.608425,657
680574,Matt McLain,CIN,86.176944,35.80434,3.33198,25.32369,22.47,82.818,85.386,5.7209153,169.488,60.348,0.2589812,0.0775932,0.3405196,7.3783302,642
592518,Manny Machado,SD,95.340416,34.042464,1.040416,33.204752,7.6096,89.872,97.088,2.2538749,124.64,57.072,0.2732015,0.0836387,0.3573647,7.2798734,656
671732,Lawrence Butler,ATH,89.08,31.44,2.62,28.165,18.34,88.425,72.05,4.1939626,153.925,51.745,0.2508143,0.076668,0.327232,6.9050564,655
694671,Wyatt Langford,TEX,95.033295,33.60412,3.79638,25.955685,20.96,83.185,85.15,5.419462,127.725,69.43,0.2704877,0.0826816,0.3542182,7.4474707,655
671739,Michael Harris II,ATL,111.194104,33.497464,3.1255,26.897066,22.372,95.41,80.934,4.956226,130.942,37.506,0.2815726,0.0864642,0.3415882,8.0704852,658
661388,William Contreras,MIL,97.745232,33.919648,1.901232,27.17047,5.868,85.412,90.628,2.0612798,131.052,73.676,0.2779352,0.084569,0.3638286,6.1905604,652
665833,Oneil Cruz,PIT,91.595568,32.268132,3.485592,28.223124,26.732,84.108,89.976,5.2953429,189.732,59.984,0.2627841,0.0799589,0.3447812,8.400646,652
608324,Alex Bregman,FA,95.844,34.556,2.4124,24.3196,2.608,84.5644,80.5872,1.0979922,82.804,70.416,0.2701794,0.0822091,0.3514555,5.1233094,652
682985,Riley Greene,DET,94.58379,29.250732,4.769226,26.810784,5.208,82.677,85.932,2.0265485,162.75,72.912,0.2688423,0.0816768,0.3561657,5.7474349,651
695578,James Wood,WAS,98.623245,30.015657,3.597426,20.9247675,22.785,87.234,78.12,6.3895155,174.468,70.959,0.2640522,0.0802215,0.3400751,6.9847274,651
667670,Brent Rooker,ATH,79.95,29.25,1.95,37.245,8.125,84.5,89.05,2.4612373,193.7,59.8,0.2514317,0.07627,0.3481572,7.0481121,650
502671,Paul Goldschmidt,NYY,89.57952,32.314464,1.444392,26.349624,7.128,85.536,88.776,1.9196688,173.016,57.672,0.2535675,0.0766812,0.3310317,5.928361,648
592206,Nick Castellanos,PHI,98.541982,34.169364,3.6261115,20.947272,4.529,76.993,85.404,1.9405021,155.28,38.173,0.2583406,0.0780041,0.3149233,4.7891563,647
701538,Jackson Merrill,SD,102.927348,35.440719,4.617639,27.0682155,13.587,89.286,87.992,4.1004178,116.46,35.585,0.2781317,0.0839798,0.3419321,7.058093,647
647304,Josh Naylor,ARI,94.791456,36.28905,0,25.178496,5.814,79.458,96.254,2.3548715,94.316,56.202,0.2649365,0.079872,0.3381095,5.8284815,646
668709,JJ Bleday,ATH,83.98,33.592,2.584,19.057,5.6202,73.644,71.706,1.8180337,143.412,74.936,0.2437783,0.0734933,0.325608,4.030519,646
650402,Gleyber Torres,DET,98.388384,30.261224,2.366298,16.930368,8.2688,80.75,72.998,2.606557,124.678,65.892,0.2550323,0.0768861,0.3220184,4.5008932,646
656305,Matt Chapman,SF,75.760296,35.367854,2.220948,26.29866,6.46,82.042,83.334,3.0410269,167.96,65.246,0.2404594,0.0724927,0.3289355,5.4221715,646
572233,Christian Walker,HOU,78.45393,30.19374,0,32.774385,4.515,85.14,99.33,1.6850233,137.385,67.08,0.2447087,0.0736596,0.3398502,6.4782093,645
691406,Junior Caminero,TB,97.409949,35.22519,2.927808,30.84939,2.652,82.212,92.157,1.610784,146.523,46.41,0.2698914,0.083507,0.3447216,6.098066,663
682928,CJ Abrams,WAS,88.2501425,32.169933,5.329827,20.349664,41.795,86.805,67.515,8.9967969,125.385,43.081,0.2435322,0.0730781,0.3064881,8.4526218,643
673548,Seiya Suzuki,CHC,92.078208,32.24124,4.233348,25.804548,15.408,85.386,84.744,5.2246595,154.722,71.262,0.2704522,0.08103,0.3572678,6.8131666,642
683734,Andrew Vaughn,CHW,93.18309,31.726998,1.563912,20.86821,1.7334,73.83,77.04,0.5243683,133.536,46.224,0.2473114,0.0740968,0.3087144,3.9687992,642
668227,Randy Arozarena,SEA,82.85652,27.258036,2.046696,21.9995424,19.902,73.188,79.608,10.914,166.278,67.41,0.2334896,0.0699557,0.3135312,6.0260077,642
665161,Jeremy Pena,HOU,110.560321,30.644928,2.353752,17.282642,18.589,79.484,71.151,5.3883724,117.303,31.409,0.2638517,0.0789293,0.3056711,5.6564771,641
670623,Isaac Paredes,HOU,86.275395,29.368056,0,23.929812,0.641,82.689,73.074,0.6851689,103.201,74.356,0.2463156,0.0736835,0.3313918,4.2761342,641
660271,Shohei Ohtani,LAD,76.543092,30.46673,4.292136,47.2417,23.717,114.739,104.483,7.051,150.635,79.484,0.2823493,0.0844627,0.4090729,11.4678117,641
669364,Xavier Edwards,MIA,124.298874,24.137496,4.176756,4.289572,41.665,82.689,51.28,7.6902418,99.355,62.818,0.2713725,0.0811791,0.3099125,6.520537,641
641355,Cody Bellinger,NYY,94.15008,33.194826,2.381315,23.247147,9.615,85.253,83.33,3.514936,113.457,53.203,0.2602486,0.0778515,0.3303927,5.7636278,641
665862,Jazz Chisholm Jr.,NYY,89.7024,27.00544,3.32864,28.1344,35.84,87.04,83.2,9.9647413,167.68,51.2,0.2516489,0.0751615,0.3281893,9.1186542,640
542303,Marcell Ozuna,ATL,91.07028,30.027888,0,33.765399,1.3419,82.431,92.655,0.4156101,159.111,58.788,0.2669086,0.0795946,0.3542286,6.1217139,639
621493,Taylor Ward,LAA,94.5081,30.894372,1.920834,22.899204,6.39,78.597,79.236,2.3049429,150.804,60.705,0.259768,0.0774652,0.3333924,5.0175033,639
593428,Xander Bogaerts,SD,112.74342,29.75256,1.534455,17.989695,18.06,75.465,78.69,3.3945531,110.295,52.89,0.2736318,0.0823657,0.3284263,5.899177,645
595777,Jurickson Profar,ATL,96.457536,28.344008,1.8753,20.336806,9.212,88.172,81.592,1.9618817,111.86,73.696,0.2516047,0.0772618,0.3273886,5.4545127,658
650859,Luis Rengifo,LAA,111.096564,25.203528,3.17133,12.676458,28.485,81.024,70.896,7.7083397,100.014,41.145,0.2570695,0.0759407,0.2977375,6.2565078,633
808982,Jung Hoo Lee,SF,110.073636,37.271673,4.352508,16.80615,8.862,83.556,74.694,3.3778643,67.098,53.805,0.2909279,0.0859428,0.3499492,5.005411,633
607043,Brandon Nimmo,NYM,87.003648,26.8758,2.765,21.022848,7.584,80.264,82.16,1.896,142.832,68.888,0.2444759,0.0721063,0.3238478,4.9345241,632
668939,Adley Rutschman,BAL,98.981184,31.794828,1.361698,20.302425,3.786,84.1123,73.827,0.7529381,95.281,74.458,0.2739059,0.0806587,0.3511862,4.5846295,631
673357,Luis Robert Jr.,CHW,88.38417,30.57195,1.537116,24.8614,25.871,82.03,76.982,6.9725174,181.728,39.122,0.2455821,0.072318,0.3098853,7.2388923,631
606192,Teoscar Hernandez,LAD,88.717338,30.30062,2.112588,31.2345,7.572,80.137,90.864,2.5181108,184.252,48.587,0.26161,0.0770378,0.3419279,6.3574419,631
663993,Nathaniel Lowe,WAS,104.130775,24.76044,1.743453,16.849593,2.0823,76.982,79.506,0.5725929,136.927,73.827,0.264701,0.077948,0.3338116,3.9307394,631
678009,Parker Meadows,DET,90.612864,27.01656,6.901092,17.046432,26.376,82.896,58.6552,5.8758605,140.672,61.544,0.2499346,0.0732498,0.3207695,6.0139046,628
670770,TJ Friedl,CIN,88.960284,26.553618,4.741065,13.040517,23.142,79.779,63.336,4.641005,99.876,50.547,0.238687,0.067837,0.2961203,5.13764,609
575929,Willson Contreras,STL,87.574344,30.366864,0,27.226848,4.389,75.867,83.391,2.215951,160.512,63.327,0.2575395,0.0753584,0.3408975,5.1865047,627
,Adolis Garcia,TEX,77.23275,27.26856,0.0604716,30.17007,9.39,76.998,83.884,3.3027775,179.036,50.08,0.233942,0.0683444,0.3155431,5.8396897,626
686611,Dylan Crews,WAS,103.30565,27.020664,2.88273,14.858736,28.17,80.754,70.738,7.4978839,130.208,42.568,0.2537876,0.0741421,0.3015333,6.3562042,626
664761,Alec Bohm,PHI,107.381664,35.395776,2.543424,17.27856,4.368,72.5712,79.872,1.7000169,98.592,40.56,0.2786909,0.0811573,0.3296426,4.2099408,624
624585,Jorge Soler,LAA,73.71336,24.805368,1.248492,28.892248,1.246,80.99,84.728,0.5211031,161.357,70.399,0.2328253,0.0676922,0.3287374,4.9382526,623
680869,Zack Gelof,ATH,79.616,31.1,1.866,21.77,26.746,70.286,68.42,6.0937463,181.624,52.248,0.2358079,0.0684493,0.308535,6.2654966,622
683737,Michael Busch,CHC,77.439,31.23684,2.734312,25.000668,1.866,75.262,83.97,1.0116321,169.184,66.554,0.2455879,0.0712882,0.3343253,4.5526178,622
665926,Andres Gimenez,TOR,107.7615,26.09912,3.224448,13.140372,28.612,73.396,63.444,5.9340389,102.008,29.856,0.2536975,0.0736422,0.2890562,5.7587993,622
680977,Brendan Donovan,STL,110.971458,31.956039,2.469096,14.069376,5.589,70.794,72.657,2.5166632,81.972,52.785,0.2806437,0.0813331,0.3326063,3.7562775,621
650489,Willi Castro,MIN,91.73334,31.15872,4.20112,12.21586,20.46,75.02,54.56,5.9154889,148.18,50.22,0.2444962,0.0707431,0.2996569,4.426914,620
676059,Jordan Westburg,BAL,94.390848,31.738626,4.667754,25.005825,11.124,77.25,80.34,2.7402522,132.252,45.114,0.2719617,0.0784362,0.3424995,5.7743134,618
621043,Carlos Correa,MIN,95.733144,33.646392,1.794672,21.789444,0.618,84.048,79.722,0.4012422,119.892,63.036,0.2756281,0.0794936,0.3507175,4.522059,618
694384,Nolan Schanuel,LAA,104.638264,26.906136,1.854702,10.730247,6.17,75.891,61.7,2.2777031,99.337,75.274,0.2660558,0.0766087,0.3284781,3.14658,617
671213,Triston Casas,BOS,76.721865,27.183,0,29.17068,0.615,79.704,84.255,0.7202966,165.435,80.565,0.2490023,0.0714659,0.3513697,4.9674983,615
669911,Michael Toglia,COL,71.351712,24.027048,3.5612,33.04548,9.21,76.75,81.662,2.7561987,186.042,61.4,0.2388444,0.068439,0.3378474,6.0196438,614
669242,Tommy Edman,LAD,96.065028,30.58776,3.073464,12.7908,26.928,74.664,69.156,4.9568961,107.1,42.84,0.2503989,0.0715161,0.2992619,5.6885259,612
,Corey Seager,TEX,87.157035,34.191696,1.764882,37.829862,1.218,95.613,93.786,0.8275521,111.447,59.073,0.2926633,0.0831775,0.3927571,7.068429,609
630105,Jake Cronenworth,SD,92.08705,26.163225,2.87859,14.374195,4.235,67.76,71.39,1.4569486,108.9,57.475,0.2474829,0.0698748,0.3093965,3.1092368,605
660821,Jesus Sanchez,MIA,84.899448,29.693848,1.311888,25.406656,13.288,71.272,79.728,3.3626392,155.228,53.152,0.2565351,0.0723109,0.3342259,5.6393491,604
663457,Lars Nootbaar,STL,84.361888,28.034056,3.00188,21.666688,8.456,73.688,70.064,3.0994908,123.82,81.54,0.2623445,0.0739485,0.3547148,4.5614469,604
670541,Yordan Alvarez,HOU,86.571504,32.431752,1.107108,41.270526,3.015,91.656,101.907,0.9995203,98.289,69.948,0.3027489,0.0851962,0.4144523,7.805524,603
543807,George Springer,TOR,81.64926,27.785912,2.080512,23.013256,15.652,81.872,64.414,3.1789534,118.594,57.19,0.2469282,0.0693725,0.3253307,5.4119061,602
657041,Lane Thomas,CLE,88.95264,31.06608,2.02032,15.067,26.169,71.98,68.93,8.6923975,153.11,48.19,0.2440434,0.0694732,0.3017964,5.6617484,610
641857,Ryan McMahon,COL,83.421204,26.784767,0,16.794945,4.207,70.918,65.509,2.6386309,174.29,63.105,0.2361073,0.0662223,0.3070871,3.1237941,601
666971,Lourdes Gurriel Jr.,ARI,104.375151,31.40557,3.316064,18.343776,3.594,74.875,80.865,1.9789147,107.82,32.945,0.2781365,0.0777508,0.3274213,4.2140008,599
,Joey Ortiz,MIL,89.224045,29.7711985,3.493368,12.006955,11.98,68.286,71.281,3.8637922,117.404,55.707,0.2475562,0.0692024,0.3074045,3.7360339,599
691176,Jasson Dominguez,NYY,86.256,27.573168,1.780228,23.698836,23.96,74.875,72.479,5.54818,143.76,61.098,0.2589844,0.072397,0.3393571,6.5482033,599
691023,Jordan Walker,STL,91.045604,30.21955,2.381624,18.094592,7.188,71.281,73.078,2.4463153,140.166,46.722,0.2566486,0.0717441,0.3180354,4.0238162,599
663728,Cal Raleigh,SEA,63.351252,27.55155,0,32.0154384,2.985,71.64,86.565,0,167.16,61.491,0.2295353,0.0639505,0.3302679,5.0717103,597
,Connor Norby,MIA,91.112904,28.677136,1.941768,14.814176,14.304,72.712,66.752,3.0295051,164.496,46.488,0.2484859,0.0691144,0.3040553,4.254439,596
668904,Royce Lewis,MIN,80.488608,35.256678,1.730784,30.9026,6.4964,75.096,83.44,1.8628425,139.464,52.448,0.2729797,0.0759271,0.3625486,5.7713296,596
681297,Colton Cowser,BAL,77.36904,25.36842,2.56802,26.8597875,10.71,76.16,71.995,2.9740944,176.715,61.88,0.247909,0.0688382,0.3374788,5.2771309,595
678882,Ceddanne Rafaela,BOS,92.3234725,27.61395,3.1416,14.399,24.395,70.805,71.995,6.6313881,146.37,21.42,0.2396841,0.0665544,0.2765823,5.362355,595
592885,Christian Yelich,MIL,94.91797,28.74326,2.31336,16.948575,26.18,80.92,69.02,4.9692397,123.76,67.235,0.2708083,0.0751968,0.3427888,6.3206223,595
669304,Jose Miranda,MIN,98.503614,36.071244,1.724976,15.39945,2.376,68.31,72.468,1.3774191,89.1,32.67,0.2702497,0.0749155,0.316762,3.2235831,594
673237,Yainer Diaz,HOU,107.602222,30.712656,1.633122,22.4453465,0.593,73.532,81.834,0.5529262,100.81,27.278,0.287055,0.0794402,0.3368426,4.3196611,593
668715,Spencer Steer,CIN,73.329165,28.47312,2.0241,19.119555,16.0875,68.445,75.465,4.425802,122.85,59.085,0.2337753,0.0638226,0.3124526,4.8338168,585
669394,Jake Burger,TEX,75.83121,22.311432,0.570906,34.179894,1.182,72.693,82.149,0.6982135,164.298,35.46,0.2392149,0.0659775,0.3194362,5.0381235,591
671218,Heliot Ramos,SF,82.31562,29.25456,3.3807,19.8417,4.72,64.9,71.39,2.2676128,162.25,39.53,0.2448682,0.0674225,0.3078938,3.515487,590
691718,Pete Crow-Armstrong,CHC,84.476736,24.64965,8.415043,15.782844,40.052,68.913,64.201,8.1951993,150.784,37.107,0.2415763,0.0664033,0.2986683,6.9267826,589
668930,Brice Turang,MIL,103.972512,21.303828,4.6294416,4.96272,39.984,68.796,52.92,7.6829052,98.784,49.98,0.2506756,0.0687875,0.2896338,5.5947382,588
521692,Salvador Perez,KC,87.798396,27.73694,0,25.258975,0.0581,63.91,82.502,0.1658861,131.306,33.698,0.2572516,0.0697516,0.3203159,3.9213793,581
672580,Maikel Garcia,KC,101.605464,28.22085,3.92751,8.01975,31.79,71.094,51.442,7.1095538,106.352,41.616,0.2643136,0.0712964,0.304538,5.0837359,578
687462,Spencer Horwitz,PIT,87.10517,28.120365,1.456785,13.150959,0.545,68.125,59.95,1.0426751,99.19,67.035,0.2716376,0.0690886,0.3434719,2.1966823,545
553993,Eugenio Suarez,ARI,69.725075,23.99475,2.3874,25.0792,1.15,66.125,75.9,0.7253464,170.2,48.875,0.2303377,0.0618092,0.3120665,3.6126301,575
663837,Matt Vierling,DET,92.184,25.2862,5.6166,13.9932,10.35,66.7,67.275,2.4894269,113.275,44.85,0.2585683,0.0693846,0.314652,3.5726052,575
606115,Orlando Arcia,ATL,77.51052,23.26104,0,13.351824,1.944,58.86,57.24,0.5619307,113.4,39.42,0.2279823,0.0574533,0.2806887,1.5995399,540
645302,Victor Robles,SEA,85.305792,26.3978,0.911768,8.0839616,42.328,72.072,49.764,5.148,111.54,45.188,0.2291127,0.0611597,0.2749048,5.8973632,572
663624,Ryan Mountcastle,BAL,91.926432,28.218249,1.232218,23.1040875,3.1976,70.233,79.369,1.1219577,131.33,37.115,0.2706219,0.072114,0.3333459,4.2418885,571
676356,Jonny Deluca,TB,80.277365,24.184776,4.397232,10.13958,21.622,64.866,58.038,5.2901884,113.8,44.382,0.2268297,0.0602327,0.2795775,3.7942947,569
686681,Michael Massey,KC,85.809216,31.20894,3.065904,18.93771,2.82,63.732,70.5,1.3808055,102.648,28.764,0.2597392,0.0683655,0.3144943,3.1836508,564
690993,Colt Keith,DET,96.857328,23.102696,4.117212,15.254928,3.934,68.564,69.126,1.5818387,103.408,45.522,0.2697737,0.0707548,0.3255852,3.142421,562
669357,Nolan Gorman,STL,64.066314,23.249378,0,27.056928,3.372,64.63,75.87,2.0851236,184.898,51.142,0.2238834,0.058719,0.311939,3.8976109,562
467793,Carlos Santana,CLE,75.685632,23.80884,0,17.0544,3.1977,65.637,70.125,0.8985867,103.224,60.588,0.2329058,0.0609766,0.3080123,2.8411883,561
656555,Rhys Hoskins,MIL,60.920673,27.100788,0,24.85791,1.683,63.954,77.979,0.8743127,160.446,56.1,0.2235678,0.0585319,0.31438,3.5384328,561
,Nick Gonzales,PIT,87.9552,28.431,2.88684,12.4335,8.1,61.02,58.32,2.1804866,107.46,42.12,0.2645347,0.0666648,0.3181376,2.6136346,540
673962,Josh Jung,TEX,80.841222,25.523256,2.167704,22.831578,2.805,68.442,71.808,1.7139626,146.982,30.855,0.2477884,0.064873,0.3097405,3.6263954,561
,Jeimer Candelario,CIN,70.229985,30.37944,2.313875,18.08835,3.21,62.595,65.805,1.9208865,127.865,44.94,0.2469323,0.0616527,0.3195568,2.7307103,535
664040,Brandon Lowe,TB,70.741965,25.73424,3.0636,26.3736,6.105,75.48,71.04,1.5644261,144.855,48.285,0.2484896,0.0643608,0.3346746,4.5124846,555
,Tyler Fitzgerald,SF,73.637196,25.84566,3.823056,15.00783,22.24,63.384,61.716,4.9586863,165.132,37.808,0.2283203,0.0592433,0.2869822,4.3690306,556
,Matt Shaw,CHC,77.34438,22.83057,3.303594,11.986425,16.032,60.12,56.613,4.861564,111.222,43.086,0.2521543,0.0589555,0.3111543,3.1103585,501
681082,Bryson Stott,PHI,93.899616,22.673952,2.81244,12.93336,24.4536,65.136,57.96,5.2356929,95.496,45.264,0.2611209,0.0672668,0.3133237,4.6235439,552
,Tirso Ornelas,SD,82.0952,23.2562,0.8723,17.0445,6.6,55.55,61.6,1.6238409,113.3,41.8,0.2425584,0.0622586,0.3018898,2.6737295,550
571448,Nolan Arenado,STL,90.94085,26.6376,1.6401,17.1336,2.2,65.45,70.95,1.076461,84.15,35.75,0.2651476,0.0680567,0.3185982,2.9989543,550
660670,Ronald Acuna Jr.,ATL,79.5567,26.523068,1.48485,22.855228,34.386,87.007,61.999,8.8996506,100.032,59.915,0.2828542,0.0687734,0.3705868,7.5490818,521
671277,Luis Garcia Jr.,WAS,99.05805,24.638796,2.011464,17.279808,17.472,63.3906,69.7242,5.2870843,90.09,34.398,0.2794909,0.0712165,0.3293858,4.7203243,546
686797,Brooks Lee,MIN,86.048415,28.53075,2.11024,15.82462,6.54,62.675,61.585,1.662744,81.205,44.69,0.2648638,0.0673658,0.3258729,2.9458311,545
,Kyle Stowers,MIA,72.55872,25.60608,2.363136,15.081856,1.088,59.296,62.016,0.8895719,169.728,39.168,0.2290065,0.0581389,0.2888163,1.8607841,544
,Hyeseong Kim,LAD,101.967255,27.13914,4.090419,7.1676,22.263,66.246,46.155,0,80.364,50.499,0.2850033,0.0722221,0.3309894,3.6489078,543
666139,Josh Lowe,TB,71.5155,26.3718,2.898,16.632,30.45,64.575,67.2,4.7674423,144.9,46.2,0.2452325,0.0600838,0.3161665,5.6831413,525
596115,Trevor Story,BOS,70.70598,28.6416,1.71072,18.2952,14.04,62.1,65.34,5.2507239,162.54,37.8,0.2376613,0.0598925,0.3031852,3.8684429,540
691016,Tyler Soderstrom,ATH,66.712,24.748,1.076,27.438,0,64.022,68.326,0.5413826,142.57,48.42,0.2450549,0.061527,0.334698,3.3917449,538
663886,Tyler Stephenson,CIN,75.44628,27.94584,1.3494,19.33932,0.52,62.4,67.08,0.4934375,119.6,49.4,0.2636652,0.0639847,0.339691,2.664965,520
605137,Josh Bell,WAS,77.031825,21.960666,1.472679,17.922658,1.1193,60.762,67.158,0.3928286,107.666,47.97,0.2440835,0.0607136,0.3132325,2.4358748,533
666158,Gavin Lux,CIN,85.26693,23.64648,2.29225,13.14082,8.48,61.48,57.24,1.9781444,115.54,48.76,0.2583877,0.0639099,0.3180653,2.6098789,530
687952,Christian Encarnacion-Strand,CIN,67.78716,22.01901,0.87365,26.18021,1.01,61.61,69.69,0.8620195,132.815,35.35,0.2488237,0.0586413,0.3280935,3.2540178,505
641487,J.P. Crawford,SEA,78.5354,22.01355,1.26723,8.20864,2.12,59.89,47.17,0,99.11,60.42,0.2343047,0.0579532,0.2966459,0.8505131,530
669257,Will Smith,LAD,70.676496,27.94176,1.767744,22.0704,1.056,67.584,71.808,0.7046462,91.344,54.912,0.2588449,0.0637813,0.3454324,3.2942567,528
,Otto Lopez,MIA,99.136224,24.300672,3.440448,6.057216,24.288,59.136,49.104,5.0869225,92.928,39.072,0.2718898,0.0669957,0.3077617,3.4631178,528
681481,Kerry Carpenter,DET,72.871452,25.1906,3.860802,26.143416,2.635,70.091,75.888,1.3449539,133.331,40.052,0.2629978,0.0646819,0.3453658,4.1017494,527
,Jacob Young,WAS,94.71,19.055925,2.90115,4.1538,30.45,58.275,44.5725,6.4098556,103.95,33.075,0.2456083,0.0601759,0.2728206,3.5631343,525
669003,Garrett Mitchell,MIL,73.882641,21.864015,2.54178,18.097892,23.012,60.145,62.76,6.2114086,152.193,54.392,0.2483661,0.0606198,0.3260999,4.7309846,523
,Jacob Wilson,ATH,99.18,23.49,4.698,7.83,7.83,63.162,48.024,1.3954666,60.03,55.332,0.2897092,0.0705753,0.341707,2.0101395,522
666134,Nolan Jones,COL,74.140704,24.398802,3.0276,16.74837,13.572,64.206,61.074,3.532009,146.682,55.332,0.2535324,0.0617624,0.3307346,3.6598621,522
687263,Zach Neto,LAA,72.946252,27.16494,2.61021,15.924886,23.966,68.251,63.041,6.2932993,125.561,38.033,0.2456613,0.0597303,0.3084157,4.8609663,521
641933,Tyler O'Neill,BAL,60.64032,19.65132,0,31.0284,4.16,66.56,70.2,1.6147981,163.28,54.6,0.2391922,0.0580458,0.3426426,4.2218032,520
,Victor Scott II,STL,81.17408,19.93784,4.13504,9.08128,35.36,58.76,45.76,6.4240312,112.32,35.88,0.2361568,0.0573092,0.2810358,4.5398645,520
666176,Jo Adell,LAA,58.73602,21.115752,1.557108,20.746936,21.238,62.16,65.786,5.1835279,153.328,38.85,0.2132022,0.0515397,0.2880144,4.6390124,518
643217,Andrew Benintendi,CHW,83.436045,22.543785,1.679216,11.712635,4.136,57.904,53.768,2.1796323,89.441,41.36,0.2509707,0.0605527,0.3029243,1.6504764,517
664728,Kyle Isbel,KC,78.126972,22.998745,5.620824,9.086275,16.027,59.972,47.564,3.6253308,105.468,35.156,0.2403948,0.0580011,0.2883812,2.5030745,517
664983,Jake McCarthy,ARI,89.21345,24.2462,5.70208,8.12464,27.81,64.89,57.165,6.4817583,87.035,37.595,0.2666214,0.06408,0.3113247,4.3946398,515
670242,Matt Wallner,MIN,53.997354,24.169995,1.489752,29.790936,6.156,62.4321,70.281,1.242954,175.959,50.787,0.2367913,0.0566896,0.3413905,4.1531126,513
681351,Logan O'Hoppe,LAA,68.657152,24.2688,1.539072,24.823808,6.656,60.928,62.976,1.3312509,138.24,37.376,0.2513333,0.0600538,0.3300587,3.5642982,512
669127,Shea Langeliers,ATH,61.32,21.7175,1.022,25.039,4.599,61.831,66.43,1.4181086,142.569,41.391,0.2323177,0.0554018,0.31654,3.3366686,511
678246,Miguel Vargas,CHW,70.222775,22.999215,2.46036,13.9279,10.605,56.055,54.035,3.1147451,97.97,56.56,0.2444257,0.0576048,0.3203075,2.4353768,505
682626,Francisco Alvarez,NYM,64.69252,20.520675,0.88375,20.87064,2.02,57.57,65.145,0.848564,122.21,43.935,0.2320011,0.0546766,0.3097848,2.4495439,505
676475,Alec Burleson,STL,90.24249,21.910435,1.00394,13.34816,7.07,65.65,61.105,2.2374663,66.155,33.835,0.2684941,0.0632771,0.3144847,2.7057013,505
596146,Max Kepler,PHI,72.774576,23.659776,2.054304,18.24984,2.2176,59.976,59.472,0.630551,108.36,47.88,0.2559381,0.0601985,0.3309783,2.3003905,504
662139,Daulton Varsho,TOR,63.74016,23.744115,2.607552,14.674522,5.533,63.378,58.348,3.3632645,137.319,41.246,0.2268878,0.0532598,0.2942872,2.1611975,503
656775,Cedric Mullins,BAL,70.974768,21.403272,2.70829,16.15185,25.602,64.758,55.722,6.3396845,99.898,46.184,0.2440419,0.0571726,0.3148567,4.6335747,502
545361,Mike Trout,LAA,65.206152,20.897712,2.008008,29.04297,10.02,69.0378,71.643,2.2443458,126.252,60.621,0.2660319,0.0622002,0.3734904,4.9500697,501
673490,Ha-seong Kim,TB,72.823212,19.717992,2.68272,10.10394,21.87,60.75,50.058,5.2107773,86.508,56.376,0.2451629,0.0556047,0.3138421,3.2756978,486
643396,Isiah Kiner-Falefa,PIT,90.88704,19.846944,2.651616,6.85224,12.4,62,46.624,3.3710176,80.352,28.768,0.2573408,0.0595677,0.2880195,1.9703823,496
702616,Jackson Holliday,BAL,74.638368,18.593172,4.246944,11.80062,16.236,62.484,53.136,2.0865716,132.84,54.12,0.249564,0.0573017,0.3191362,3.0210468,492
676801,Chas McCormick,HOU,73.918577,20.539512,1.352214,15.784177,16.203,60.884,54.01,4.4144642,124.714,38.789,0.2467752,0.0565462,0.3086996,3.3522505,491
624424,Michael Conforto,LAD,63.781416,23.38574,1.222857,24.1065,2.1428,62.336,69.154,0.6926424,114.445,50.161,0.257524,0.0585284,0.3502074,3.1828996,487
664238,Dylan Moore,SEA,53.895456,21.083166,1.93671,11.290752,23.328,52.488,44.226,6.318,145.314,51.03,0.2027866,0.0459934,0.2777765,2.7795171,486
660688,Keibert Ruiz,WAS,80.351595,21.45447,0,13.938966,3.8394,51.516,58.3686,1.18395,57.348,24.786,0.2509573,0.0569189,0.2938777,1.6559292,486
672275,Patrick Bailey,SF,73.582602,23.899488,1.104744,12.37053,1.928,53.984,50.128,1.0126268,115.198,44.344,0.2535264,0.0570283,0.315543,1.1077995,482
571970,Max Muncy,LAD,48.30408,19.7568,0,23.76,0.48,66.72,67.68,0.8193449,131.52,65.28,0.2214045,0.0495961,0.3339164,2.7499978,480
672515,Gabriel Moreno,ARI,80.855612,27.61884,2.646208,9.758848,6.692,58.794,54.97,1.7264395,69.31,47.8,0.2809844,0.0626802,0.340441,1.8868788,478
672284,Jarred Kelenic,ATL,36.150198,13.853829,1.0146,8.784567,6.675,31.3725,30.171,1.8309265,76.896,21.093,0.2431944,0.030303,0.3109801,-0.9647908,267
663616,Trevor Larnach,MIN,61.3727622,26.024232,0.925408,17.34901,2.39,59.272,54.97,1.2509457,122.368,48.278,0.2459065,0.0548552,0.3271698,1.8845509,478
670042,Luke Raley,SEA,57.577968,17.64776,1.523864,18.970864,9.56,54.014,57.36,1.912,144.356,35.85,0.2164886,0.0482929,0.2890279,2.5295229,478
691277,Deyvison De Los Santos,MIA,63.3555,23.8488,1.0317,22.2509,0.475,53.2,61.75,0.5809521,136.8,23.275,0.2445889,0.0542189,0.3116205,2.1482857,475
650559,Bryan De La Cruz,ATL,32.690016,8.1868875,0.63555,6.892261,1.9624,26.537,24.976,0.6157802,57.534,12.042,0.2294519,0.023879,0.2791044,-2.2089799,223
686217,Sal Frelick,MIL,89.168307,16.627242,2.746872,3.97524,16.014,50.868,41.448,3.5550074,66.882,43.332,0.2630958,0.0578303,0.3011788,1.5236951,471
519317,Giancarlo Stanton,NYY,49.632,18.0292,0,28.92568,0.47,60.63,68.62,0.3835351,145.23,40.89,0.2250865,0.0493705,0.3248508,3.0770491,470
807799,Masataka Yoshida,BOS,83.956392,23.78844,2.47104,12.684672,4.212,55.4112,56.628,0.9307105,69.732,35.1,0.2839005,0.0620058,0.3364382,1.8158036,468
573262,Mike Yastrzemski,SF,54.650616,20.699254,3.204216,16.4964,3.262,55.454,50.328,1.2047163,118.83,41.94,0.224144,0.0487453,0.303182,1.423469,466
669224,Austin Wells,NYY,57.97536,21.220752,0.342523,17.225726,3.5036,56.703,61.774,1.1105505,97.271,48.405,0.2345263,0.050456,0.3174371,1.9859911,461
664774,LaMonte Wade Jr.,SF,67.580295,20.477159,1.584918,9.383655,1.383,58.086,46.561,0.7633425,94.966,60.852,0.2474735,0.0532414,0.3227583,0.6448951,461
642731,Thairo Estrada,COL,73.5984,20.818224,1.3224,13.68684,10.944,53.352,55.176,3.2050613,95.304,18.696,0.2502284,0.0532502,0.2925459,2.254194,456
669016,Brandon Marsh,PHI,63.13776,21.852432,3.252648,12.62664,15.048,55.632,51.984,3.4364204,136.8,48.336,0.2474329,0.0526553,0.3223336,2.5585586,456
457705,Andrew McCutchen,PIT,54.2594,17.70093,0.73062,12.08352,0.82,47.97,43.05,1.4864574,101.27,43.05,0.2310246,0.0442041,0.3055013,0.1047757,410
663538,Nico Hoerner,CHC,83.5146,17.1957,2.36285,3.29208,20.64,50.31,37.41,4.6978432,46.87,28.81,0.2651243,0.0532033,0.2918401,1.6694393,430
677587,Brayan Rocchio,CLE,71.162112,20.71072,1.212192,6.4904,12.4928,55.2904,48.6048,3.6184829,97.112,46.848,0.2257168,0.0514048,0.2789245,1.5224133,488
570482,Gio Urshela,ATH,76.84,22.6,0.904,7.232,1.8984,49.72,46.556,0.5488776,77.292,23.052,0.2507903,0.0529017,0.283008,0.2225724,452
694497,Evan Carter,TEX,66.325413,20.082128,2.613996,13.041567,13.53,56.826,48.3923,3.1924863,112.75,51.865,0.2557107,0.0538203,0.3323331,2.3904091,451
677800,Wilyer Abreu,BOS,55.8743233,23.81496,1.422432,15.21212,8.3514,51.186,51.9942,2.5285954,125.271,42.655,0.2370494,0.0496713,0.3148499,1.8196111,449
643446,Jeff McNeil,NYM,71.952384,20.32128,1.176,5.870592,4.032,51.968,44.8,1.227693,60.928,30.912,0.2381278,0.0497861,0.2766477,0.2376993,448
592626,Joc Pederson,TEX,57.925056,18.213888,0.865536,22.071168,3.136,60.032,56.896,1.7286743,109.76,50.624,0.2493247,0.0521271,0.3451537,2.4141179,448
621439,Byron Buxton,MIN,54.473994,25.68291,2.590368,23.1251,8.028,67.792,63.778,1.8852956,120.866,28.098,0.2533426,0.0527307,0.3363526,3.5456104,446
,Joey Bart,PIT,65.83406,19.724796,0,15.198342,0.446,47.722,50.844,0.4656954,124.434,30.774,0.2426563,0.0505064,0.3016711,0.8194844,446
643565,Mike Tauchman,CHW,68.6546,17.679405,1.44536,7.451525,9.79,56.515,40.94,1.8282782,91.67,57.405,0.2456969,0.0510246,0.3140892,1.0918743,445
681146,Jonah Bride,MIA,65.302848,18.49328,0.960024,9.718696,0.884,48.62,50.388,0.7264807,91.052,50.388,0.241246,0.0497626,0.3093227,0.3303402,442
700932,Kyle Manzardo,CLE,58.531968,23.71335,0,17.8353,1.341,59.3169,54.2211,0.64064,103.704,47.829,0.2507212,0.0523021,0.3360494,1.7046985,447
663647,Ke'Bryan Hayes,PIT,73.176894,20.432412,3.0648618,9.341703,13.23,47.187,48.069,3.1951026,82.908,27.342,0.2562887,0.0527458,0.3006637,1.6534586,441
669221,Sean Murphy,ATL,54.4937436,19.409654,0,16.758573,1.1637,54.306,58.185,0.3400554,96.113,42.238,0.2332069,0.0469071,0.3137945,1.3690017,431
680777,Ryan Jeffers,MIN,55.5806925,19.764219,0.849904,17.299234,4.0388,54.875,55.314,1.0482312,100.97,38.632,0.2335203,0.047842,0.3110558,1.6988389,439
671056,Ivan Herrera,STL,77.546716,17.71804,1.309098,12.018064,6.585,52.241,45.656,1.6744113,88.239,50.485,0.2795051,0.057263,0.3457648,1.4030687,439
669134,Luis Campusano,SD,70.48305,21.319785,0,12.58194,0.435,52.2,51.33,0.3659419,60.9,30.015,0.2577497,0.0523248,0.3100299,0.7845099,435
592663,J.T. Realmuto,PHI,62.7026989,21.918936,2.195945,13.77045,8.62,51.289,53.013,1.8227095,102.578,31.032,0.2514902,0.0505846,0.3138592,1.778222,431
676694,Jake Meyers,HOU,60.87682,17.98776,1.57896,11.14775,9.073,49.88,47.73,2.2502589,105.35,30.1,0.2290355,0.0459612,0.2834839,1.2056748,430
608385,Jesse Winker,NYM,60.273888,18.51822,0.37275,12.023424,4.26,49.842,44.304,2.556,90.738,54.528,0.2454782,0.0488026,0.3260324,0.7380099,426
657136,Connor Wong,BOS,61.2738765,22.43592,0.893376,12.28392,6.345,46.107,42.723,2.5415026,111.672,24.534,0.2431502,0.0479993,0.2957671,0.8006704,423
669004,MJ Melendez,KC,54.227,18.77267,2.293992,13.2719,4.22,47.686,51.484,2.1098382,108.032,37.136,0.2301217,0.04532,0.3016077,0.8986455,422
666703,Eguy Rosario,SD,58.430964,16.22168,1.003938,13.949632,7.174,48.108,50.64,3.0305412,121.958,23.21,0.2246952,0.0442514,0.2783382,1.2429464,422
672386,Alejandro Kirk,TOR,73.1808,22.029,0,9.29544,0.042,45.78,48.72,0.2549404,52.92,39.9,0.2749414,0.0538902,0.3295742,0.1936793,420
592178,Kris Bryant,COL,59.38982,19.397515,0,10.3086,0.415,48.97,46.895,0.2787109,108.73,39.01,0.2369636,0.0458934,0.2997135,0.1016198,415
666624,Christopher Morel,TB,54.651464,19.772088,1.051008,19.79208,5.712,57.596,61.404,3.0256022,132.328,46.648,0.2218847,0.0492895,0.3080527,2.4550958,476
666310,Bo Naylor,CLE,52.08,17.8248,1.39104,14.763,7.056,48.342,48.846,2.0059348,118.02,39.06,0.2259118,0.0442801,0.3026525,1.2584362,420
641584,Jake Fraley,CIN,59.16078,17.25828,1.60025,6.25485,16.65,45.51,39.96,4.2909006,65.86,34.78,0.2513996,0.0434097,0.3052991,1.1077599,370
,Brooks Baldwin,CHW,64.06071,17.918748,1.63212,5.93955,15.5976,45.024,38.19,2.6567094,65.928,30.15,0.2408259,0.0451803,0.2843398,0.9481466,402
,Endy Rodriguez,PIT,58.852616,20.836764,1.037124,11.792484,2.716,42.292,44.232,0.8873723,77.212,31.04,0.2591859,0.0469314,0.3215232,0.2416316,388
,Jonathan Aranda,TB,54.76044,18.639936,1.331424,13.33233,0.0402,45.024,47.436,0.4666948,101.706,39.396,0.2428659,0.045563,0.3178312,0.2329452,402
,Ernie Clement,TOR,67.25862,20.663202,1.73664,7.279416,10.452,46.23,40.2,2.5237497,41.808,17.286,0.2519739,0.0472718,0.2846721,0.6762605,402
571745,Mitch Haniger,SEA,51.75306,16.655535,0,13.197712,0.0401,40.1,44.11,0,115.087,36.09,0.2236341,0.0418507,0.2942252,-0.1671861,401
,Jhonkensy Noel,CLE,49.377792,15.583968,0.337824,22.0932,0.5712,45.696,55.1616,0.4362711,117.912,27.336,0.2295798,0.0437134,0.3108277,1.3400417,408
643376,Danny Jansen,TB,45.034332,20.813436,0,13.82535,0,44.688,49.875,0.3113011,83.391,43.092,0.2238587,0.0416838,0.3091611,0.2118636,399
518934,DJ LeMahieu,NYY,60.672,18.18264,0.58697,5.643365,0.79,42.265,39.5,0.8994533,73.075,39.105,0.2390733,0.0440705,0.2927593,-0.814017,395
666397,Edouard Julien,MIN,49.443456,16.698603,1.129656,10.084825,6.613,46.4855,35.9825,1.2935722,118.256,49.014,0.2275286,0.0413053,0.3098401,0.1867185,389
,Thomas Saggese,STL,56.4098236,17.662545,1.546664,9.1804,6.613,42.012,38.9,1.2901261,97.25,21.395,0.2306808,0.0418776,0.2763425,0.0733868,389
642350,Jose Siri,NYM,41.543936,15.03306,1.358,16.035264,15.908,43.068,44.62,2.716,136.188,26.384,0.2045547,0.0370392,0.2783842,1.8210054,388
,Griffin Conine,MIA,50.95116,13.585448,0,12.78172,0.764,37.818,42.402,0.2704671,126.442,30.178,0.2197655,0.0391781,0.284054,-0.3435519,382
677950,Alek Thomas,ARI,60.088392,19.81854,3.662064,8.7696,9.828,47.628,44.226,2.5416913,68.04,26.46,0.2626688,0.0463362,0.3160014,0.8911674,378
,Juan Brito,CLE,43.4496,16.5516,0.7452,9.12,5.1,37.2,39.3,1.3153718,66.6,31.5,0.2602101,0.0364305,0.3344196,-0.4239783,300
683146,Brett Baty,NYM,52.759728,13.57398,0,11.240208,0.756,40.068,43.848,0.756,95.256,32.13,0.2242863,0.0395653,0.2866686,-0.3624108,378
,Nick Yorke,PIT,51.28175,15.400125,0.868725,6.884475,10.725,36.075,32.175,2.2209654,64.675,30.875,0.2530729,0.0383839,0.3110402,-0.2091281,325
672695,Geraldo Perdomo,ARI,60.109791,14.29092,2.56732,4.820032,10.017,41.923,34.874,2.736833,62.328,37.842,0.2454933,0.0425044,0.2988689,-0.0765397,371
,Roman Anthony,BOS,55.462645,18.03802,1.567104,12.210352,9.275,44.891,42.294,2.1551688,91.266,38.584,0.2625569,0.0454588,0.3374545,0.9822591,371
527038,Wilmer Flores,SF,53.636583,18.395664,0.425166,8.53671,0.0371,41.923,41.181,0.2764209,67.151,32.648,0.2393783,0.0414456,0.2984986,-0.6660717,371
669701,Josh Smith,TEX,54.560373,17.238144,1.433544,8.344161,5.9731,43.036,36.729,1.7528291,77.91,32.648,0.2410987,0.0417435,0.3000404,-0.120698,371
,Trey Sweeney,DET,54.49878,15.20996,2.25885,6.58008,9.25,42.55,39.22,2.0538235,103.97,27.38,0.2292559,0.0395861,0.2779208,0.0670959,370
656976,Pavin Smith,ARI,50.9870916,16.18803,1.532088,11.98512,1.476,43.173,42.435,0.6187046,74.169,40.221,0.2454303,0.0422644,0.3240524,-0.0671943,369
696100,Hunter Goodman,COL,48.836412,17.247429,0.053505,19.09575,1.845,44.28,51.66,0.8302269,103.32,20.295,0.2444275,0.0420917,0.3172236,0.9822642,369
,Blake Perkins,MIL,53.19135,13.026438,1.79334,5.839425,14.022,41.697,33.948,3.6008854,92.619,37.269,0.2226218,0.0383367,0.2808348,0.2895314,369
,Derek Hill,MIA,54.74736,16.936832,1.598592,9.850624,9.8992,37.904,33.856,2.4739222,101.936,26.128,0.2431712,0.0417619,0.2984926,0.2096704,368
,Donovan Solano,SEA,61.749952,13.54964,0.292499,6.039352,0.734,37.801,41.104,0,82.575,27.892,0.240724,0.0412293,0.2816228,-0.9667912,367
,Josh Rojas,CHW,53.86605,14.18616,1.188768,7.2102,10.98,42.09,33.672,2.3620269,88.206,32.208,0.2290384,0.039121,0.2839959,0.1118581,366
666023,Freddy Fermin,KC,64.714656,15.8844,0,7.4481,0.732,41.724,42.456,0.5232337,66.978,24.888,0.258118,0.0440879,0.2982275,-0.5684086,366
691783,Jordan Lawlar,ARI,54.30251,17.57475,2.5258,10.1616,18.25,45.99,39.42,3.0859238,91.98,32.85,0.2545978,0.0433678,0.3205549,1.657549,365
516782,Starling Marte,NYM,61.941152,16.51104,1.911,8.072064,16.744,42.952,38.584,2.9175981,81.9,24.752,0.2606803,0.0442823,0.3066921,1.1981497,364
665804,Miguel Amaya,CHC,51.740208,14.69772,1.18692,8.26848,2.268,41.76,39.24,0.5108628,77.04,25.92,0.2271711,0.0381659,0.2790089,-0.6220366,360
,Chase Meidroth,CHW,64.67986,13.529178,1.162784,4.58419,13.246,41.17,32.22,1.5580621,72.316,47.614,0.270489,0.0451911,0.3298689,0.2434539,358
592669,Hunter Renfroe,KC,47.268468,15.2334,0,11.03895,0.702,40.365,43.875,0.4441511,78.975,28.782,0.2282331,0.0373857,0.2929992,-0.4517231,351
682668,Luisangel Acuna,NYM,48.8516,15.54525,1.53125,8.82,16.45,43.75,35,3.15,65.1,22.05,0.2279253,0.037229,0.279711,0.9069233,350
668670,Jake Rogers,DET,38.705256,12.642144,0.424908,13.354848,0.696,36.888,39.324,0.5428075,112.404,25.056,0.201667,0.0327517,0.2723343,-0.6427635,348
,Lenyn Sosa,CHW,56.000595,18.157122,0.845292,9.57026,2.7413,37.129,38.864,0.9764572,70.788,12.839,0.2530914,0.0409852,0.2924409,-0.5052447,347
,Jose Tena,WAS,55.3869,15.768594,1.259928,7.779474,12.312,40.9716,36.1152,2.5686327,86.184,17.1,0.2468295,0.0393952,0.2865241,0.3680958,342
677008,Heston Kjerstad,BAL,54.898272,13.878018,1.103817,10.971675,2.728,39.6242,40.238,0.6362835,89.001,27.28,0.2577196,0.041013,0.3180218,-0.2490147,341
663743,Nick Fortes,MIA,51.0948,12.15452,0,5.395664,4.15,31.872,29.88,1.0671696,55.776,21.58,0.2211358,0.0342624,0.2592455,-1.4309542,332
,Wenceel Perez,DET,49.6829676,14.23962,3.233208,5.266872,9.599,36.741,31.445,2.432151,67.855,29.128,0.2399118,0.0370595,0.2945165,-0.5377586,331
641680,Jonah Heim,TEX,45.136497,14.649712,0,10.923129,1.5134,36.19,34.874,0.4867673,62.51,23.359,0.2313477,0.0355207,0.2924851,-0.8559101,329
,Jerar Encarnacion,SF,43.834938,15.15411,0,11.5404,3.26,38.142,41.076,0.6944701,103.994,22.494,0.2323824,0.0353542,0.2955238,-0.3468608,326
656811,Ryan O'Hearn,BAL,51.6516,15.1164,0.70135,10.14,2.4375,38.74,41.925,0.7445267,59.15,27.3,0.2606965,0.0395402,0.3225691,-0.3847098,325
608348,Carson Kelly,CHC,44.533152,12.95676,1.068228,9.922176,2.5272,35.3484,36.612,0.4613325,68.04,29.808,0.2327742,0.0351966,0.3016896,-0.8203179,324
679032,Johan Rojas,PHI,55.03785,11.196144,2.268294,4.40271,20.988,37.524,30.21,3.8858909,65.19,14.946,0.2405677,0.0357013,0.268273,0.588347,318
676914,Davis Schneider,TOR,35.5509,15.20001,0.27216,12.04182,2.835,36.54,34.335,1.0232301,92.925,34.02,0.2244462,0.0329946,0.3128159,-0.6933733,315
676609,Jose Caballero,TB,50.67384,14.60592,1.85472,5.98752,25.872,37.968,30.24,7.4947965,86.688,23.52,0.2340054,0.0366932,0.2803385,1.3339252,336
641598,Mitch Garver,SEA,34.811784,10.167768,0,10.811592,0.00306,32.13,35.496,0,84.15,35.802,0.2064824,0.0294866,0.2940266,-1.3471998,306
643289,Mauricio Dubon,HOU,57.16798,13.6701,0.83997,4.111705,3.6295,34.465,29.585,1.1330604,42.7,13.115,0.2596562,0.0369589,0.282527,-1.4490342,305
672012,Tyler Black,MIL,43.823522,10.941762,1.46772,7.00942,12.986,33.522,31.71,2.6205534,75.802,35.334,0.2371597,0.0334247,0.3087746,-0.2083106,302
543309,Kyle Higashioka,TEX,35.589246,11.250096,0.287868,13.085478,0.894,31.29,36.058,0.6182794,84.93,17.284,0.2144968,0.0298303,0.2822988,-1.0259765,298
695657,Colson Montgomery,CHW,39.490605,10.936134,0.964656,7.02108,4.158,30.591,30.888,0.7605645,88.803,30.888,0.2195033,0.0304241,0.2880693,-1.4121322,297
,Agustin Ramirez,MIA,43.879968,13.669128,0.967626,9.93762,5.643,34.155,33.561,1.3959825,62.37,28.512,0.2549624,0.0353389,0.3266935,-0.6018916,297
642708,Amed Rosario,WAS,54.0995,12.80205,2.13672,4.58896,11.02,32.19,30.16,2.2415321,56.84,10.73,0.2636417,0.0356806,0.2886637,-0.6748288,290
664913,Seth Brown,ATH,37.2672,11.808,0.864,10.08,3.312,31.968,33.408,0.9376649,77.184,21.6,0.2252973,0.0302809,0.2923112,-1.0935501,288
500743,Miguel Rojas,LAD,51.1175808,11.77176,0.478764,4.4044,5.6628,31.46,26.884,1.4750937,37.466,18.304,0.2531697,0.0337908,0.2870562,-1.4826906,286
,Joey Loperfido,TOR,36.24192,14.100658,0.988416,8.343764,6.6066,32.89,28.6,1.6323929,87.23,25.168,0.2287862,0.0305363,0.2983619,-1.0099269,286
690291,Jace Jung,DET,38.83752,12.2607,0.347985,6.13548,0.5415,31.635,28.215,0.5568039,74.385,34.485,0.2298532,0.0305714,0.3031189,-1.9489787,285
,Billy Cook,PIT,40.03794,12.0042,0.50787,8.92449,6.555,31.065,33.345,1.8822648,82.08,22.23,0.2339479,0.031116,0.2962819,-0.8445674,285
543877,Christian Vazquez,MIN,42.78837,10.478376,0,6.054006,1.39,27.0494,27.244,0.8444495,60.048,13.9,0.2246147,0.0291409,0.2612369,-2.0853823,278
621438,Tyrone Taylor,NYM,36.144448,14.44905,1.21625,7.0056,7.506,30.024,31.692,1.5968194,67.832,14.178,0.2229357,0.0289231,0.2723222,-1.0830191,278
,Jordan Beck,COL,43.022784,13.30488,1.5776,6.47496,7.616,32.096,29.104,1.7033217,75.344,23.664,0.2592464,0.032908,0.3178736,-1.0046962,272
571657,Kyle Farmer,COL,42.1064624,12.077657,1.17885,7.29261,2.168,31.978,29.539,1.628453,58.265,18.428,0.2480702,0.0313736,0.3007177,-1.5758271,271
543685,Anthony Rendon,LAA,40.429944,11.686944,0.537072,3.954608,4.2612,30.82,26.8,1.2227622,41.54,27.872,0.2357433,0.0294845,0.2925553,-1.8513791,268
,Ryan Bliss,SEA,39.670176,10.802792,0.848008,3.86232,18.886,30.324,23.674,2.66,72.618,21.28,0.2254957,0.0279924,0.2719885,-0.395577,266
666160,Mickey Moniak,LAA,33.44512,10.0488,1.32765,9.21723,5.194,29.2825,31.2965,1.6848139,75.79,12.72,0.2142017,0.0264904,0.269586,-1.2472284,265
624431,Jose Trevino,CIN,36.811152,11.243232,0,7.1001,0.756,27.72,26.964,0.6421184,43.092,17.388,0.2350881,0.0276472,0.2889741,-2.0945145,252
641943,Joshua Palacios,PIT,39.3966,9.236916,0.919512,6.178068,5.16,26.832,23.736,1.4301311,55.728,21.156,0.2353072,0.0283319,0.2900235,-1.8000955,258
518595,Travis d'Arnaud,LAA,34.8446484,10.6888896,0,11.00376,0.9918,29.4147,32.6511,0.2851707,64.989,17.748,0.2324227,0.02831,0.3006473,-1.4348895,261
,Dillon Dingler,DET,34.885632,11.01312,0.312576,7.18848,0.3584,25.856,26.368,0.5831805,73.216,15.872,0.2223806,0.0265679,0.2751851,-2.244535,256
687093,Vaughn Grissom,BOS,45.304202,12.34948,1.609344,4.425696,5.842,30.48,26.416,1.3473631,44.196,20.066,0.2722508,0.0322718,0.3178207,-1.5580029,254
665750,Leody Taveras,TEX,37.855398,11.801856,1.22682,5.44068,10.922,29.4386,24.638,2.3773592,53.34,18.542,0.2392136,0.0283557,0.2907128,-1.116782,254
,Andy Pages,LAD,35.290098,13.03694,0.840348,9.9396,2.2339,31.877,33.634,0.7297983,55.22,20.582,0.2565207,0.0300481,0.3304448,-1.2307899,251
,Tyler Wade,SD,38.3033028,7.718752,0.796172,1.037132,11.8723,26.355,18.574,3.1443827,57.479,18.825,0.2061176,0.024144,0.2384612,-1.8683122,251
609280,Miguel Andujar,ATH,44.0979,11.703,0.747,3.237,2.6643,27.39,24.9,0.8292252,41.085,15.687,0.2562433,0.0297764,0.2894543,-2.2568624,249
607732,Jacob Stallings,COL,38.426112,9.974312,0,4.87692,0.248,25.792,22.816,0.3490148,58.28,21.08,0.2347847,0.0271733,0.2854166,-2.574505,248
680700,Richie Palacios,TB,42.8112216,12.087558,1.60632,3.45708,11.64,33.465,26.19,2.1754392,56.745,34.92,0.2341541,0.0317991,0.2975665,-0.9342273,291
595879,Javier Baez,DET,33.4459584,10.4035744,0.595848,5.937984,4.8556,24.156,26.352,1.1892987,59.78,10.98,0.2162191,0.0246209,0.257998,-1.9827663,244
682619,Orelvis Martinez,TOR,35.26776,10.750152,0,9.082168,1.3664,28.06,29.524,0.3343627,65.636,19.52,0.2454565,0.0279502,0.3127099,-1.7328073,244
656541,Sam Hilliard,COL,29.82672,9.65256,1.74,8.1972,5.28,26.88,28.776,1.5635278,75.12,22.8,0.227516,0.0254826,0.3057118,-1.5260528,240
800050,Chase DeLauter,CLE,36.4167168,11.918213,0.791568,8.40085,2.0793,29.158,30.114,0.8203842,48.995,16.252,0.258262,0.0288057,0.3195434,-1.6362898,239
621028,Kevin Newman,LAA,45.481222,9.516024,1.19739,2.267154,7.409,25.573,19.12,1.2971952,38.479,15.057,0.2610566,0.0291174,0.2882829,-2.0858813,239
,David Hamilton,BOS,33.616786,11.83455,1.25664,4.838064,16.898,28.322,23.086,4.2031379,60.928,18.802,0.2351574,0.026119,0.2905846,-0.6688818,238
,Cole Young,SEA,38.67976,9.226308,0.94843,3.225376,8.092,27.132,20.944,0.952,44.744,20.23,0.2391508,0.0265625,0.2843007,-1.8971377,238
686676,Korey Lee,CHW,31.608927,10.564038,0.769776,6.06957,3.318,22.041,23.937,1.2211733,73.707,11.613,0.2174585,0.0240517,0.2637392,-2.3048503,237
,Colby Thomas,ATH,31.725,10.5515,0.705,8.695,2.35,24.675,26.555,1.07528,69.325,15.745,0.2356913,0.0258483,0.3005476,-1.9330855,235
608701,Rob Refsnyder,BOS,35.7211601,11.070995,0.738144,7.217408,1.864,29.125,27.494,0.9043609,59.415,22.601,0.260209,0.0282943,0.3290396,-1.8766672,233
,Caleb Durbin,MIL,34.930428,8.8963827,0.226476,6.39119,9.2035,25.397,20.97,2.6019318,33.785,20.504,0.2373902,0.025813,0.2976169,-1.5480733,233
,Dane Myers,MIA,33.654852,10.631544,0.250866,5.300064,6.006,23.562,20.097,1.3139118,65.373,15.015,0.2307444,0.024875,0.2788236,-2.1268912,231
,Angel Martinez,CLE,39.2088,11.092755,0.84456,3.876,3.825,30.345,25.5,1.2586083,48.96,23.46,0.2376355,0.0282795,0.2895747,-2.0052483,255
,Ben Rice,NYY,28.89216,9.83934,0,9.020592,1.1856,27.36,25.08,0.7432652,58.14,23.256,0.2332283,0.0248163,0.3158568,-2.0303492,228
679529,Spencer Torkelson,DET,28.659204,9.548528,0,9.773712,0.01135,23.835,26.332,0.2018324,59.928,20.203,0.232022,0.0245796,0.3120364,-2.1669864,227
,Pedro Pages,STL,34.351096,7.297088,0.224644,5.760288,0.226,22.6,23.504,0.4347218,58.534,16.046,0.2268741,0.0239284,0.2764323,-2.6801312,226
,Jacob Melton,HOU,35.44335,10.7568,0.8262,4.19985,11.0025,26.55,21.375,2.1070841,55.125,15.75,0.2448086,0.0257057,0.2904566,-1.5123495,225
,Christian Moore,LAA,34.960602,9.301776,1.11723,4.230756,3.345,25.645,23.192,0.8468465,57.757,13.826,0.2371727,0.0246825,0.2793537,-2.3682448,223
665828,Oswaldo Cabrera,NYY,31.0464,10.12704,0.65384,4.11026,3.08,25.52,22.22,1.0544761,43.34,15.4,0.2245237,0.0230518,0.2726966,-2.5000166,220
605170,Victor Caratini,HOU,36.244938,9.161208,0,6.1090707,1.2483,25.185,22.776,0.3718753,43.581,17.958,0.2562411,0.0261886,0.3111515,-2.3983579,219
650391,Eloy Jimenez,TB,38.835349,9.465834,0,8.75457,1.0755,28.919,31.07,0.3390924,48.039,17.925,0.2580832,0.0287858,0.3183559,-1.6916951,239
596103,Austin Slater,CHW,32.515525,7.91673,0.69832,3.600175,4.085,24.94,20.425,0.9621952,59.77,24.51,0.2348194,0.0235609,0.2973442,-2.4954559,215
,Santiago Espinal,CIN,31.9568886,7.197372,0.47229,2.256254,4.004,19.474,17.654,1.0659997,23.842,12.376,0.2469156,0.020972,0.280482,-2.9815994,182
,Matt Mervis,MIA,29.11788,9.22049,0,5.75512,1.935,21.93,24.08,0.4011318,65.575,13.975,0.2193433,0.0220081,0.2718197,-2.557684,215
,Ben Rortvedt,TB,28.582848,7.928928,0,3.42144,0.216,21.7512,19.8072,0.3300664,57.24,20.088,0.2038324,0.0205469,0.2589817,-3.166287,216
,Zach DeLoach,CHW,28.638225,8.10084,0,4.323165,3.135,18.601,20.9,0.9844702,63.745,20.482,0.217816,0.021245,0.2788713,-2.7936473,209
,Will Wagner,TOR,33.56496,9.600448,0.539136,4.394208,3.12,23.504,20.592,0.3996262,39.936,18.72,0.2541143,0.0246668,0.3089511,-2.5287829,208
669261,Jack Suwinski,PIT,12.93369,4.20147,0.18711,3.8682,2.31,11.55,10.71,0.6159575,31.08,10.5,0.2242378,0.010988,0.3047669,-3.8264857,105
693049,Oscar Colas,CHW,29.754725,9.733605,0.33292,3.63465,2.46,20.705,19.475,1.1417595,57.81,13.94,0.2274464,0.0217597,0.2726364,-2.8976354,205
686823,Will Brennan,CLE,35.588,9.57022,0.8487,3.31075,4.2435,21.402,21.607,1.2819788,31.775,11.275,0.2545757,0.0243552,0.288504,-2.5511155,205
,Drew Romo,COL,29.99888,8.46773,0.29725,4.0101075,0.205,22.345,19.475,0.7144777,35.465,23.575,0.2357667,0.0225557,0.3021156,-3.0348142,205
,Trenton Brooks,SD,29.18995,8.865225,0.32513,3.81177,3.075,22.14,19.475,0.5904409,46.945,21.32,0.2297042,0.0219757,0.291662,-2.7598185,205
,Kristian Campbell,BOS,30.917628,10.59474,1.07712,5.529216,7.9356,25.908,22.032,1.4523479,48.552,22.644,0.2653273,0.0252599,0.3382887,-1.7409352,204
596142,Gary Sanchez,BAL,22.898532,6.941916,0,8.92515,0.199,22.1487,23.9596,0.195725,57.511,18.308,0.2145396,0.0199242,0.2989121,-2.5148917,199
,Luke Keaschall,MIN,28.312416,8.29224,0.383328,5.749128,5.148,22.6512,20.4336,1.1512775,50.49,17.424,0.2366711,0.0218691,0.3008344,-2.2993503,198
624641,Edmundo Sosa,PHI,28.6095942,8.5009716,1.00881,4.2174,3.7422,22.176,19.8,1.1019563,50.49,9.504,0.224603,0.020754,0.2650846,-2.676405,198
,Drake Baldwin,ATL,29.131088,8.5004612,0.3724,4.494476,0.392,20.972,20.58,0.249182,42.336,19.992,0.2414573,0.022086,0.3051173,-2.9907825,196
,Oliver Dunn,MIL,24.923535,6.847659,0.75816,4.52595,3.8415,21.645,18.525,1.0040197,63.375,20.475,0.2123209,0.0193218,0.2822365,-2.742033,195
,Adrian Del Castillo,ARI,26.0960805,9.10035,1.046304,5.963328,0.189,20.223,21.735,0.3001815,46.305,15.687,0.2435251,0.0214796,0.3115026,-2.8792692,189
672724,Oswald Peraza,NYY,24.4944,7.975044,0.561708,5.608197,5.859,21.0357,18.522,1.7068119,46.305,15.876,0.2231889,0.0196859,0.2895204,-2.419821,189
602104,Ramon Urias,BAL,27.9771072,7.651224,0.811408,4.9491,1.3724,20.8116,20.6424,0.4147375,40.984,13.348,0.2369789,0.0207916,0.2909745,-2.8847851,188
656716,Zach McKinstry,DET,27.43476,7.9587,0.45177,2.42424,7.955,19.795,16.465,1.5513633,40.515,14.8,0.22485,0.0194127,0.2702342,-2.6059622,185
608596,Tom Murphy,SF,26.371935,7.26199,0.42402,5.8941,0.0185,19.61,20.5535,0.4313864,54.02,12.95,0.2322118,0.0200482,0.2908681,-3.0107927,185
23789,Blaze Alexander,ARI,24.714826,7.35946,1.002016,3.863264,5.068,22.625,21.539,0.7021396,49.594,13.937,0.2211116,0.0186771,0.2762025,-2.5631303,181
687231,Darell Hernaiz,ATH,30.5709,7.602,0.724,3.439,5.43,20.453,15.385,0.9357237,30.77,14.842,0.254793,0.0215222,0.3028107,-2.7326655,181
621035,Chris Taylor,LAD,21.6675,7.056,0.60264,4.7916,3.06,19.8,16.74,0.9226507,61.02,16.92,0.2092086,0.0175741,0.2790794,-2.978258,180
,Brett Sullivan,SD,23.638704,6.80388,0.280722,2.742615,1.3806,18.4257,16.992,0.4223524,34.692,12.213,0.2030859,0.0167754,0.2473102,-3.424343,177
,Shay Whitcomb,HOU,23.554125,7.8435,0.48195,5.988675,4.9,18.55,19.425,1.2717662,45.85,14.175,0.2354625,0.01923,0.3038794,-2.5544197,175
656248,Sean Bouchard,COL,24.900792,8.51121,0.5046,4.32216,1.74,20.184,18.444,0.9739442,48.546,18.966,0.2466476,0.0200284,0.3174081,-3.0202858,174
,Tyler Locklear,SEA,24.452568,6.42408,0.277356,6.063552,1.566,17.574,18.444,0.87,54.288,12.876,0.230987,0.0187567,0.2938586,-2.9973359,174
,Alex Call,WAS,25.712125,7.637085,0.477999,3.6785855,4.2558,18.165,16.7983,1.3714745,32.005,19.722,0.2446913,0.0197554,0.3124435,-2.9267779,173
680118,Dairon Blanco,KC,26.699216,7.65142,1.16874,2.8638,25.628,23.048,16.34,5.2280718,40.936,11.696,0.2394399,0.0192196,0.2837616,-0.5011042,172
,Brady House,WAS,25.61475,6.33726,0.46971,5.0439,4.896,18.02,18.615,0.4267423,50.83,7.65,0.2307707,0.0183084,0.2745337,-2.71955,170
,David Fry,CLE,23.5713088,7.889596,0.139932,4.97705,1.6224,19.7054,20.0434,0.473329,39.715,15.21,0.2378431,0.0187585,0.3041884,-2.9772052,169
,Ronny Mauricio,NYM,24.396164,7.66584,0.5915,6.81408,5.07,19.435,17.914,1.3304118,40.729,9.802,0.2479151,0.0195528,0.310555,-2.4661882,169
,Chandler Simpson,TB,15.844332,3.732624,0.812544,0.09108,9.292,10.212,6.44,2.1626625,12.42,8.28,0.2446319,0.0105032,0.2810241,-3.6059592,92
663853,Romy Gonzalez,BOS,23.9946692,7.942519,0.87648,4.0172,7.802,19.4386,19.588,1.7754256,46.314,8.632,0.2340429,0.0181311,0.2801285,-2.4243115,166
,Emmanuel Rodriguez,MIN,20.439912,6.95208,0.642752,6.02497,6.474,19.173,16.5004,0.967335,52.954,18.26,0.2305382,0.0178596,0.3161946,-2.4965852,166
,Alex Jackson,NYY,20.7168,4.77582,0,2.189208,0.0166,18.758,16.102,0.3389552,47.808,13.114,0.1810619,0.0140267,0.227401,-3.7413647,166
,Adael Amador,COL,26.85696,6.9568,0.928,2.484,2.08,18.24,15.2,1.7038194,32.96,18.08,0.262301,0.0195857,0.3211663,-3.3390544,160
682641,Luis Matos,SF,26.202087,8.048103,0.546642,3.517875,0.636,17.808,18.921,0.6382272,23.532,8.745,0.2549979,0.0189214,0.2964925,-3.3172327,159
666181,Will Benson,CIN,9.171204,3.26508,0.3979,3.11052,4.324,11.316,9.476,1.0441317,32.66,10.488,0.1956117,0.0083985,0.2860583,-3.8096362,92
,Tyler Heineman,TOR,19.99404,5.135904,0,2.154852,0.0765,15.453,13.923,0.6296533,35.955,13.005,0.1948984,0.0139162,0.2445334,-3.9151736,153
,Grant McCray,SF,20.303913,6.395303,1.211322,2.6727,4.983,16.006,13.439,1.0929161,47.716,11.325,0.21896,0.0154299,0.2716753,-3.264913,151
668885,Austin Martin,MIN,23.08725,5.81085,0.5808,1.2444,3.15,15.66,13.05,1.2288038,28.5,15,0.22758,0.0159311,0.2763986,-3.6128198,150
663757,Trent Grisham,NYY,14.3376,5.145035,0.21547,4.46194,1.45,16.82,15.08,0.6534906,40.745,14.21,0.1847239,0.0125,0.2636585,-3.5086348,145
665923,Esteury Ruiz,ATH,21.2832,5.184,0.576,2.16,13.8096,17.568,12.24,3.2991859,33.408,9.36,0.2168984,0.014576,0.2568674,-2.348257,144
,Kyle McCann,ATH,17.36,5.74,0,4.9,0.28,13.58,14.7,0.1988197,42.84,10.36,0.2159827,0.0141113,0.28214,-3.6558168,140
,Bryan Ramos,CHW,20.3203,5.4264,0.22736,3.9991,1.68,14,15.96,0.5501577,30.52,8.82,0.2284888,0.0149284,0.2800208,-3.5046717,140
656448,Stone Garrett,WAS,19.804025,6.545232,0.256038,5.086427,1.3066,13.9139,15.429,0.3745028,41.005,10.981,0.2475548,0.0160586,0.3155894,-3.4232789,139
,Pedro Leon,HOU,18.986868,5.2780032,0.63342,2.86212,7.176,15.87,14.352,1.5027388,46.368,9.66,0.2163037,0.0139304,0.2665516,-3.0279428,138
606992,Eric Haase,MIL,16.337,4.801072,0.264384,3.587,0.544,13.192,15.912,0.2881701,45.016,7.48,0.1944402,0.0123409,0.2441717,-3.7857605,136
,Michael Siani,STL,22.487192,4.80284,0.946288,1.28384,6.936,15.232,10.88,1.4279416,34.68,9.656,0.2336491,0.0148294,0.2691841,-3.307351,136
660766,Juan Yepez,WAS,20.74272,6.00372,0,2.959088,0.272,15.232,17.1088,0.325408,29.24,11.56,0.2387137,0.0151508,0.2923546,-3.6785528,136
595978,Austin Hedges,CLE,16.4431936,4.26522,0,2.01134,1.608,11.8992,11.5642,0.3869095,38.592,8.844,0.1815315,0.0113521,0.2239658,-4.0322921,134
,Edgar Quero,CHW,18.0873,6.267492,0.321552,2.99046,0.132,13.2,14.388,0.2156623,27.852,12.276,0.2310882,0.0142355,0.2940101,-3.8733614,132
605131,Austin Barnes,LAD,19.3644855,4.36492,0,2.19032,2.096,14.1873,12.7987,0.492918,28.034,10.611,0.2152998,0.0131624,0.2618585,-3.7878564,131
,Carlos Narvaez,BOS,15.27942,5.4587,0,2.26512,1.456,13.39,14.17,0.3917462,40.56,15.86,0.2015353,0.0122269,0.2758478,-3.8646804,130
,Luis Torrens,NYM,18.306444,5.42997,0.34125,2.75184,1.131,13.39,11.96,0.3281414,33.02,8.84,0.2214386,0.0134344,0.2701709,-3.8842617,130
622761,Jorge Mateo,BAL,18.7840512,5.3209728,0.552448,2.23392,8.4864,14.2976,13.1968,1.9317758,32.256,7.68,0.2234989,0.0133507,0.2648004,-3.0481107,128
,Coby Mayo,BAL,17.17248,4.96128,0.414336,5.1168,1.792,15.104,15.36,0.3146742,36.864,11.52,0.2375077,0.0141876,0.3145095,-3.3948547,128
542932,Jon Berti,CHC,41.99136,8.76432,1.090208,3.085368,11.16,28.52,21.824,2.5048,49.104,20.584,0.2415453,0.0279557,0.2830696,-1.4492387,248
,Daz Cameron,BAL,18.130176,4.965156,0.394914,2.248155,2.318,13.664,10.858,0.7595639,32.818,9.15,0.2280762,0.0129855,0.2760567,-3.842362,122
672356,Gabriel Arias,CLE,17.3306368,5.6048386,0.404064,2.8975,3.05,12.993,13.298,0.9155752,35.99,6.71,0.2275743,0.012957,0.2736565,-3.6417857,122
682622,Noelvi Marte,CIN,13.003725,4.13712,0.220575,2.29908,3.06,10.03,9.18,0.7683876,22.78,5.1,0.2460638,0.0097608,0.2956695,-4.0319516,85
,Justyn-Henry Malloy,DET,15.90174,4.3976,0,3.01392,0.2875,11.73,10.235,0.271943,35.42,11.73,0.2257506,0.0121157,0.2931811,-4.1054429,115
,Scott Kingery,LAA,16.32816,5.01492,0.46092,2.06057,3.335,12.535,10.8905,0.6283254,36.57,8.28,0.2236185,0.0120012,0.2719284,-3.8146371,115
,Zach Dezenzo,HOU,15.230172,4.314672,0.209304,3.723867,0.399,12.654,12.198,0.4920933,31.692,7.41,0.2202647,0.0117184,0.2786323,-3.9462951,114
679845,Nick Loftin,KC,17.84608,4.727128,0.456624,2.2792,2.24,12.096,9.856,0.4090169,17.36,10.752,0.2499707,0.0130655,0.3071963,-3.9266224,112
,Jonatan Clase,TOR,16.199568,5.404448,0.387072,2.2759744,4.1552,12.32,9.968,1.7790198,29.232,9.408,0.2365395,0.0123635,0.2923544,-3.7265438,112
656180,Riley Adams,WAS,14.443275,4.42431,0.20262,2.839419,0.638,10.78,11.704,0.1904151,31.24,8.47,0.2157946,0.0110778,0.2741862,-4.1008136,110
,Rafael Marchan,PHI,15.48774,4.436208,0.220104,3.56562,0.054,10.7892,10.5516,0.2188314,21.06,7.776,0.2365668,0.0119233,0.2971968,-4.1042831,108
,Brandon Lockridge,SD,18.76602,5.12213,0.20618,4.29728,3.77,15.34,11.96,1.4930572,38.35,11.44,0.2394704,0.0145283,0.3064601,-3.3433245,130
,Alan Roden,TOR,16.16472,4.472936,0.179712,2.720224,1.04,11.44,10.4,0.4125966,19.76,8.528,0.2465392,0.0119657,0.3029477,-4.0585477,104
,Max Schuemann,ATH,13.8006,4.08,0.306,1.224,2.754,10.0266,7.548,0.6594375,27.336,10.2,0.2114444,0.0100651,0.2675849,-4.2115864,102
,Weston Wilson,PHI,14.62731,3.790728,0.207876,2.780928,2.1624,10.812,10.812,0.7073283,28.662,8.67,0.2293672,0.0109182,0.2898533,-3.9695022,102
,Austin Shenton,SEA,13.65168,4.895592,0.162588,2.172192,0.102,10.506,11.118,0,31.926,9.996,0.226969,0.0108041,0.2912739,-4.2614011,102
,Brett Wisely,SF,14.95269,4.320006,0.58446,1.35405,1.428,11.118,8.874,0.6264784,23.562,7.242,0.2238461,0.0106554,0.26714,-4.2501627,102
656413,Stuart Fairchild,CIN,12.8496543,4.2399396,0.34946,2.162713,4.242,11.716,10.605,0.943496,26.866,8.585,0.2121059,0.0099976,0.2720621,-3.8065727,101
677649,Ezequiel Duran,TEX,14.2954119,4.983264,0.47817,1.802493,0.099,10.989,10.494,0.5533628,24.651,5.148,0.2297164,0.0106132,0.2703786,-4.3087021,99
,Owen Caissie,CHC,13.133256,4.22313,0.41762,3.363855,1.824,9.8895,10.8775,0.3564481,28.975,8.645,0.2447787,0.0108522,0.3185639,-3.9802604,95
,Cooper Bowman,NYY,0.147063,0.038532,0.00519,0.01127,0.062,0.115,0.08,0.0098781,0.261,0.09,0.2220385,0.0001036,0.2711586,-5.5172349,1
622569,Jorbit Vivas,CHW,12.34944,3.68256,0.285312,1.266048,4.704,11.328,9.5424,0.6153284,16.32,8.64,0.2012747,0.0090174,0.2550408,-3.9207781,96
642136,Matt Thaiss,HOU,11.37815,3.86631,0,2.80725,0.76,9.215,8.93,0.2758597,29.26,11.875,0.2171634,0.0096279,0.3026034,-4.2777865,95
666211,Taylor Trammell,PHI,11.55523,3.037302,0.34884,2.462875,2.375,9.975,9.025,0.7455962,32.68,10.45,0.2058456,0.0091261,0.2814506,-4.1209337,95
,Cal Stevenson,SEA,12.7474188,3.59904,0.374992,1.07778,3.5788,10.8008,8.3904,0.8214085,19.872,10.488,0.2183633,0.0093754,0.2802289,-4.1057569,92
,Leo Rivas,SF,14.600032,3.39664,0.293296,0.267168,3.128,9.66,6.44,0,23.092,11.132,0.2294744,0.0098524,0.2810946,-4.3160777,92
,Bryce Eldridge,TB,13.48674,4.656764,0.316296,2.27976,0.276,9.476,9.752,0.183957,27.508,5.98,0.2411016,0.0103516,0.2927043,-4.3232034,92
670764,Taylor Walls,ATL,13.59281,3.61284,0.6072,1.1979,6.38,10.78,8.47,1.2164968,29.59,13.2,0.196392,0.0100818,0.2639756,-3.7557963,110
669397,Nick Allen,HOU,14.7016506,3.207204,0.25935,0.7802522,2.1749,9.8553,8.4721,0.5947547,16.198,6.37,0.2238976,0.0095085,0.2568724,-4.3133385,91
572138,Jon Singleton,MIA,11.431602,2.990988,0,2.547909,0.2184,10.556,9.646,0.0800207,26.208,9.555,0.2083676,0.008849,0.281002,-4.324633,91
687859,Javier Sanoja,KC,15.125292,4.188184,0.395304,1.30494,3.8311,9.919,8.008,0.6822842,11.375,6.279,0.2480344,0.0105335,0.2875961,-4.0562877,91
676369,Nelson Velazquez,MIL,10.430088,3.572905,0.241902,3.7293225,0.712,9.879,10.68,0.365788,26.611,7.832,0.2214446,0.0091976,0.3029061,-4.1321715,89
,Brock Wilken,PHI,10.691125,3.224559,0.346032,2.910745,0.1335,9.167,8.633,0.1305691,27.501,9.078,0.2148653,0.0089243,0.2937748,-4.3727223,89
596117,Garrett Stubbs,CLE,11.9796581,2.698302,0.181382,0.909936,1.6732,8.9534,7.6718,0.4062383,22.695,8.01,0.1947065,0.0080871,0.2428965,-4.4591388,89
,Travis Bazzana,LAD,13.847328,4.621716,0.327888,2.72745,2.8512,10.791,11.682,0.3857917,24.651,7.029,0.2340344,0.0108127,0.2914046,-3.8740432,99
,Dalton Rushing,BAL,11.8726344,3.846304,0.147312,3.5816,0.132,11,10.296,0.1584,21.824,8.272,0.2439275,0.0100176,0.3231172,-4.1604886,88
656896,Emmanuel Rivera,CLE,12.9771936,3.4918884,0.362544,2.03931,0.084,8.9964,9.072,0.1479618,20.244,6.468,0.2433954,0.0095414,0.2971441,-4.4321349,84
,Daniel Schneemann,DET,17.268736,5.160704,0.317952,1.9456,2.56,13.824,12.672,0.5994386,35.84,12.16,0.2131646,0.0127334,0.2697611,-3.7896111,128
628451,Andy Ibanez,PIT,12.406764,3.449248,0.300366,1.15128,0.41,8.774,7.626,0.2730184,15.99,5.74,0.2269559,0.0086851,0.2685307,-4.5636309,82
669707,Jared Triolo,SEA,14.744712,4.618458,0.45441,1.503072,1.632,9.996,8.874,0.5071385,26.112,9.384,0.2302048,0.0109581,0.2845229,-4.2378779,102
,Harry Ford,ATH,10.044692,3.572933,0.314815,1.835328,3.397,8.295,7.268,0,20.145,8.69,0.2242607,0.008268,0.2979035,-4.205411,79
,Nick Kurtz,KC,10.296,3.12,0,2.73,0.6864,8.1588,8.658,0,18.876,6.006,0.2242687,0.0081636,0.290048,-4.3849761,78
686894,Joey Wiemer,MIA,9.3720704,3.091165,0.313929,1.9301975,2.156,8.393,6.776,0.492161,22.484,6.853,0.2096649,0.0075342,0.275991,-4.3724677,77
668804,Graham Pauley,SF,10.69605,3.475335,0.24435,1.434,0.15,7.275,6.75,0.2808146,18.9,5.775,0.2289597,0.0080138,0.2805927,-4.663367,75
682617,Marco Luciano,CLE,10.3122,2.7891,0,0.995625,0.45,7.8,6.3,0.2158333,22.95,7.95,0.210245,0.0073588,0.2680499,-4.6923331,75
,Tyler Freeman,KC,12.689664,3.871589,0.203688,1.44894,2.4436,9.3398,8.2574,0.7005971,12.71,6.314,0.2406506,0.0092092,0.2882809,-4.2523628,82
,Jac Caglianone,PIT,10.954368,3.203571,0.201132,2.731155,0.962,7.992,8.51,0.23697,19.462,3.848,0.2436171,0.0084132,0.2989861,-4.3556112,74
641511,Jason Delay,TB,10.54648,2.33766,0,0.408924,0,6.808,5.698,0.1955049,18.5,5.402,0.1937821,0.0066921,0.2270252,-4.8719159,74
,Carson Williams,TOR,9.87595,2.7048,0.3864,1.5246,2.618,8.05,7.154,0.631345,21.35,6.37,0.2277503,0.0074401,0.2882902,-4.3616289,70
,Nathan Lukes,COL,10.32966,3.49317,0.127872,1.2953256,0.4736,7.474,6.734,0.2351034,13.912,6.29,0.2251666,0.007776,0.278931,-4.6429635,74
,Aaron Schunk,MIL,10.848232,2.778372,0.2059,0.73485,0.284,7.455,6.674,0.44253,20.022,3.55,0.2159726,0.0071561,0.243687,-4.7415308,71
,Joey Meneses,MIA,0.1468416,0.042336,0,0.0223776,0.0029,0.106,0.108,0.0009,0.215,0.065,0.2262622,0.0001056,0.2724118,-5.5220748,1
655316,Andruw Monasterio,ATH,9.807966,2.66623,0.27216,1.27022,2.079,6.79,5.53,0.5805934,17.15,6.65,0.2212561,0.0072279,0.2796881,-4.5450437,70
805300,Jakob Marsee,CHC,9.06984,2.48948,0.295392,1.6252,0.1224,6.732,5.984,0.6671589,18.292,6.8,0.22026,0.0069898,0.2876287,-4.7245355,68
,Brett Harris,COL,8.777,3.015,0.201,1.675,0.1206,7.102,7.169,0.2839386,16.415,6.03,0.2241758,0.0070094,0.2891,-4.6695874,67
672744,Alexander Canario,LAA,8.87436,2.27106,0.145068,2.3875236,1.1088,7.128,7.2534,0.2498848,22.176,4.884,0.2238041,0.0068934,0.2889808,-4.4913543,66
,Zac Veen,LAD,10.6524,2.797938,0.5742,0.81972,1.254,7.062,6.402,0.7506166,17.556,5.61,0.2458066,0.0075711,0.2929531,-4.6320989,66
676116,Ryan Noda,SEA,7.48374,2.127312,0.198396,1.947792,0.5214,7.326,6.072,0.1453216,23.232,7.986,0.2026621,0.0062422,0.2882944,-4.6530744,66
681546,James Outman,CHW,8.071866,2.84592,0.220968,2.3958,1.3332,8.184,7.524,0.3289796,20.13,7.128,0.229898,0.0070811,0.3147993,-4.417425,66
686527,Dominic Canzone,SF,8.20248,2.74131,0.157806,2.906904,0.33,7.458,7.788,0,16.236,4.686,0.2284715,0.0070371,0.3028404,-4.4959609,66
,Kyle Teel,ARI,9.2430975,2.5194,0.15834,1.344525,0.39,7.15,6.695,0.2545959,17.29,7.02,0.228792,0.0069402,0.2942242,-4.6873695,65
669477,Casey Schmitt,CHC,9.98868,3.155815,0.22347,1.3806,0.325,6.045,6.435,0.2304412,16.185,3.575,0.2401069,0.0072835,0.282329,-4.7223945,65
,Jorge Barrosa,CHW,9.065024,3.35552,0.354304,1.366016,0.768,7.04,6.656,0.5184664,12.352,5.76,0.2428033,0.0072519,0.3043913,-4.6372312,64
,Gage Workman,MIN,9.139296,2.13342,0.272552,1.48335,3.1124,6.324,5.89,0.507888,20.15,5.084,0.2289096,0.0066233,0.2848823,-4.4328396,62
666150,Dominic Fletcher,PIT,8.74727,2.823666,0.302064,0.67177,0.062,5.704,5.084,0.1663712,14.198,3.968,0.2161699,0.0062547,0.2551351,-4.9089081,62
,Jair Camargo,TOR,8.188278,2.531646,0.060016,1.800232,0.0868,6.758,6.2062,0.123775,20.15,3.968,0.2167799,0.0062724,0.2716641,-4.7281357,62
680779,Henry Davis,BOS,8.141964,2.93787,0,1.655958,0.744,6.076,5.766,0.3066214,17.856,6.076,0.2277339,0.0065893,0.2966371,-4.6933792,62
680718,Addison Barger,TEX,8.734374,3.121824,0,1.808788,0.248,6.262,5.828,0.1793452,16.182,5.58,0.2422011,0.0070079,0.308137,-4.7119941,62
,Marcelo Mayer,CHC,9.559432,2.6962,0.257664,1.240008,0.915,6.954,6.161,0.2960286,15.189,4.575,0.2437449,0.0069388,0.2929263,-4.6621961,61
,Dustin Harris,ARI,8.42898,2.125728,0.29463,0.914634,4.026,7.076,5.307,0.5846999,16.348,5.795,0.2130961,0.0060663,0.2691101,-4.3997184,61
,Vidal Brujan,KC,8.596974,2.09901,0.268156,0.525393,2.44,7.015,5.185,0.7823742,12.932,4.453,0.2031855,0.0057842,0.2422165,-4.6294467,61
,Jose Herrera,KC,8.0872935,1.94205,0.15224,0.45936,0.22,5.61,4.95,0.1088262,12.98,5.06,0.2130746,0.0054691,0.2588759,-4.9456419,55
671221,Drew Waters,TOR,7.440664,2.6077975,0.373725,1.3176625,1.595,6.05,4.73,0.4521054,16.665,3.905,0.2297651,0.0058975,0.2865283,-4.6886009,55
668472,Nick Pratto,WAS,6.5021,2.422805,0.224235,1.2871375,0.44,5.94,4.95,0.1837037,18.865,5.61,0.2113035,0.0054236,0.2834751,-4.8328534,55
,Leo Jimenez,MIA,8.3853,2.07702,0.14256,0.71929,0.462,5.665,4.73,0.1177529,13.09,4.07,0.2223477,0.0057071,0.2633798,-4.8909552,55
,Robert Hassell III,MIA,7.610625,2.104245,0.20262,1.066142,1.562,5.5,5.28,0.2975049,15.345,3.74,0.214273,0.0054998,0.2617339,-4.7294473,55
660644,Eric Wagaman,NYM,7.424136,2.372328,0.175932,1.858464,0.108,5.562,5.886,0.2181503,12.15,3.402,0.2338207,0.0058925,0.2939792,-4.7807892,54
660644,Liam Hicks,CHC,7.522632,2.284464,0.225888,1.2428,0.0936,5.148,4.524,0.0949446,10.972,5.2,0.2409356,0.0058469,0.3067028,-4.8998271,52
,Jared Young,TEX,7.233096,2.60442,0.182,1.153152,0.7488,5.512,4.68,0.2034366,13.468,5.096,0.2382029,0.0057806,0.3032695,-4.8211983,52
,Moises Ballesteros,TEX,8.234928,2.51658,0,2.03841,0.066,5.79,6.9,0.0848915,13.68,4.44,0.2302001,0.0064458,0.2929547,-4.7096235,60
679822,Justin Foscue,PIT,6.644484,2.1376344,0.24633,1.310904,0.51,5.6253,4.692,0.2194058,13.209,4.845,0.2240137,0.0053317,0.2923914,-4.8440287,51
664056,Harrison Bader,CIN,0.151,0.048,0.0039,0.024,0.0435,0.118,0.107,0.0119426,0.195,0.052,0.239346,0.0001117,0.2834521,-5.5168392,1
,Jake Mangum,STL,0.144004,0.0385434,0.004416,0.02079,0.0399,0.1088,0.091,0.0069878,0.205,0.044,0.2173153,0.0001014,0.2543194,-5.5187011,1
,Kevin Alcantara,,0.148404,0.0372,0.004396,0.02871,0.024,0.108,0.104,0.0044191,0.279,0.09,0.2403407,0.0001122,0.3043897,-5.5189557,1
608671,Travis Jankowski,,0.1577,0.0364,0.0038,0.0051,0.0399,0.1005,0.082,0.0091974,0.1898,0.0952,0.224359,0.0001047,0.2669725,-5.5206448,1
593160,Whit Merrifield,,0.1669,0.04,0.0052,0.0131,0.039,0.1052,0.0922,0.0090934,0.1629,0.0825,0.2454496,0.0001145,0.2889639,-5.5191673,1
658668,Edward Olivares,,0.1625,0.043,0.0033,0.0279,0.0228,0.1121,0.1173,0.0082768,0.1983,0.0817,0.2577589,0.0001203,0.314932,-5.5183348,1
663630,Ryan McKenna,,0.0989,0.0352,0.003,0.0428,0.007,0.1065,0.1056,0.0079,0.2706,0.1007,0.2000445,0.0000934,0.2916829,-5.5201343,1
607680,Kevin Pillar,,0.1371,0.0432,0.0039,0.0266,0.0248,0.1055,0.1134,0.0078034,0.2294,0.0593,0.2240884,0.0001046,0.2754984,-5.5191026,1
641658,Garrett Hampson,,0.1494,0.0405,0.0046,0.0116,0.0274,0.0959,0.0844,0.0071133,0.25,0.0738,0.2225221,0.0001038,0.2641308,-5.5215109,1
667452,Corey Julks,,0.1472,0.0444,0.0037,0.0195,0.026,0.102,0.0973,0.0071,0.2366,0.0802,0.233529,0.000109,0.2859137,-5.5201281,1
572191,Michael A. Taylor,,0.1284,0.036,0.0034,0.0285,0.0265,0.1007,0.0994,0.0066219,0.3174,0.0738,0.2119413,0.0000989,0.2719746,-5.5195239,1
657656,Ramon Laureano,,0.141,0.049,0.0042,0.041,0.018,0.1077,0.1111,0.0065648,0.29,0.055,0.2488889,0.0001162,0.3124928,-5.5180903,1
641343,Jake Bauers,,0.1105,0.037,0.001,0.0373,0.0238,0.1095,0.1058,0.0065272,0.3062,0.1108,0.2089519,0.0000975,0.2970345,-5.5185466,1
670032,Nicky Lopez,,0.1684,0.0347,0.005,0.004,0.0222,0.0995,0.0755,0.0062226,0.1582,0.0848,0.2317526,0.0001082,0.2667458,-5.5228481,1
641313,Tim Anderson,,0.1829,0.041,0.0033,0.0086,0.023,0.0987,0.0829,0.0060103,0.2408,0.0466,0.2473254,0.0001154,0.2673504,-5.5218569,1
621563,Joey Wendle,,0.164,0.0449,0.0041,0.0124,0.0209,0.0932,0.091,0.0058279,0.2157,0.0519,0.2377386,0.0001109,0.2680725,-5.5217898,1
607054,Jace Peterson,,0.1385,0.0373,0.0043,0.0132,0.0239,0.0979,0.0882,0.0057,0.2343,0.1009,0.2149928,0.0001003,0.2721226,-5.5216824,1
502054,Tommy Pham,,0.1513,0.0447,0.0041,0.0264,0.0219,0.1154,0.1003,0.0055219,0.2264,0.0846,0.2474328,0.0001155,0.3074248,-5.519187,1
622534,Manuel Margot,,0.1672,0.0477,0.0038,0.019,0.0171,0.1074,0.0964,0.0055136,0.1655,0.0676,0.2549335,0.000119,0.2980642,-5.5206895,1
669222,Nick Senzel,,0.1435,0.0362,0.0031,0.0249,0.0148,0.1006,0.0976,0.0054636,0.2242,0.0905,0.2283672,0.0001066,0.2894948,-5.5209751,1
592696,Eddie Rosario,,0.132,0.043,0.0038,0.0282,0.0179,0.1039,0.1139,0.0054591,0.2421,0.0625,0.2208,0.000103,0.276023,-5.5198049,1
663611,Nick Madrigal,,0.1883,0.0384,0.0031,0.0039,0.0189,0.102,0.0921,0.0054319,0.1211,0.0694,0.2511283,0.0001172,0.2750204,-5.522306,1
623912,Harold Ramirez,,0.167,0.0416,0.0032,0.0159,0.0151,0.1019,0.1045,0.0054,0.225,0.0485,0.2393064,0.0001117,0.2698518,-5.5213695,1
643393,Tony Kemp,,0.1546,0.0375,0.0038,0.0095,0.0219,0.1083,0.0864,0.0054,0.1225,0.0964,0.227313,0.0001061,0.2752564,-5.5217981,1
,Jonathan Ornelas,,6.46485,2.3232,0.1449,1.12455,0.55,5.3,3.4,0.2039722,13.9,3.7,0.2172246,0.0050687,0.2730934,-4.9181459,50
624428,Adam Frazier,,41.65656,11.229192,0.662904,3.197712,4.712,25.792,20.336,1.2912413,41.168,18.352,0.2471015,0.0285988,0.2861821,-2.2690672,248
621550,Patrick Wisdom,,0.0884,0.0368,0.0028,0.0581,0.0174,0.1215,0.13,0.005,0.3344,0.0889,0.2042586,0.0000953,0.3065364,-5.5161842,1
665506,Cristian Pache,,0.133,0.0396,0.0038,0.0192,0.0145,0.0989,0.0933,0.0047,0.2965,0.0825,0.213188,0.0000995,0.2685604,-5.5219883,1
670097,Zack Short,,0.1138,0.0347,0.0033,0.0195,0.017,0.1011,0.0855,0.0044,0.2583,0.1213,0.1949471,0.000091,0.2723327,-5.5221523,1
676701,Alan Trejo,,0.1416,0.0455,0.0031,0.0173,0.0133,0.0962,0.0967,0.0044,0.2407,0.0617,0.2211446,0.0001032,0.2641111,-5.5221533,1
665482,Gilberto Celestino,,0.1533,0.0392,0.0035,0.0118,0.0155,0.1018,0.0896,0.0042,0.2171,0.0925,0.2289807,0.0001069,0.2776474,-5.522365,1
543305,Aaron Hicks,,0.1324,0.0321,0.0035,0.0204,0.0138,0.1042,0.0962,0.0037,0.2426,0.1172,0.2134119,0.0000996,0.2847859,-5.5216886,1
605113,Nick Ahmed,,0.1573,0.0386,0.0035,0.0139,0.0142,0.0924,0.0886,0.0036721,0.2465,0.0592,0.2267219,0.0001058,0.2614646,-5.5226703,1
518792,Jason Heyward,,0.1359,0.0436,0.0041,0.028,0.0125,0.1115,0.115,0.0034831,0.2014,0.0847,0.231181,0.0001079,0.2957342,-5.5199888,1
493329,Yuli Gurriel,,0.156,0.0445,0.0033,0.0175,0.0133,0.105,0.1043,0.0034824,0.1635,0.0732,0.2387786,0.0001114,0.2843009,-5.5213346,1
578428,Jose Iglesias,,0.199,0.052,0.0039,0.0103,0.0112,0.1029,0.0985,0.0034727,0.1606,0.0496,0.2790404,0.0001302,0.3016869,-5.5218735,1
647351,Abraham Toro,,0.1514,0.0449,0.0038,0.0208,0.0124,0.1139,0.0985,0.0034499,0.1837,0.0773,0.2394061,0.0001117,0.290988,-5.5210166,1
656582,Connor Joe,,0.1289,0.0418,0.0032,0.0223,0.01,0.1105,0.103,0.0034294,0.2211,0.1049,0.2191934,0.0001023,0.2885383,-5.5214226,1
543543,Brad Miller,,0.1221,0.0336,0.0028,0.0265,0.0119,0.1011,0.1017,0.0034,0.2728,0.0886,0.2029844,0.0000947,0.2687775,-5.5214003,1
542194,Christian Bethancourt,,0.1355,0.0397,0.0024,0.0297,0.0144,0.1053,0.1119,0.0033993,0.2697,0.0459,0.2172728,0.0001014,0.2642641,-5.5201279,1
669720,Austin Hays,,56.96964,18.98208,1.3494,14.06496,3.12,44.85,46.41,1.3218879,92.04,23.01,0.2489607,0.0453122,0.3082981,0.5998759,390
572204,Trayce Thompson,,0.1011,0.0342,0.0024,0.0422,0.0119,0.1078,0.1119,0.0033,0.3608,0.1037,0.200714,0.0000937,0.2923257,-5.5193913,1
624512,Reese McGuire,,0.1437,0.0364,0.0031,0.0161,0.0118,0.0923,0.0876,0.0032367,0.2472,0.0726,0.2149019,0.0001003,0.2598266,-5.5229497,1
571912,Luke Maile,,0.1273,0.0376,0,0.0193,0.0133,0.0992,0.0892,0.0032164,0.2775,0.087,0.2017525,0.0000942,0.2584095,-5.5224166,1
624415,Cavan Biggio,,0.1289,0.0369,0.0032,0.0172,0.0119,0.102,0.0903,0.003174,0.267,0.1149,0.2103717,0.0000982,0.2791823,-5.5225147,1
666185,Dylan Carlson,,0.1404552,0.0402135,0.004316,0.0184275,0.0109,0.1096,0.1018,0.0031385,0.2342,0.0943,0.2245911,0.0001048,0.2833808,-5.5216751,1
593871,Jorge Polanco,,0.129,0.048,0.003,0.037,0.0093,0.1119,0.116,0.0030699,0.252,0.097,0.2403101,0.0001121,0.319986,-5.5192921,1
657557,Paul DeJong,,0.1167,0.0377,0,0.044,0.0089,0.111,0.114,0.0029898,0.3091,0.063,0.2117396,0.0000988,0.2819689,-5.5192105,1
592192,Mark Canha,,0.1434,0.0413,0.0035,0.016,0.0122,0.1129,0.1003,0.002983,0.1956,0.0993,0.2267126,0.0001058,0.2846677,-5.5216746,1
541645,Avisail Garcia,,0.1407,0.0352,0.0034,0.0315,0.0093,0.0972,0.1051,0.0028,0.2971,0.0588,0.2239694,0.0001045,0.2774123,-5.5208898,1
645801,Nick Martini,,0.1418,0.0406,0.0032,0.0306,0.0274,0.1131,0.1163,0.0028,0.2956,0.0578,0.229463,0.0001071,0.2822878,-5.5180124,1
543510,James McCann,,0.1448,0.0423,0.0023,0.0293,0.0101,0.1035,0.1067,0.0027868,0.2532,0.0614,0.2330066,0.0001087,0.2855399,-5.5206199,1
592325,Ben Gamel,,0.1356,0.0437,0.0041,0.0222,0.0077,0.1076,0.0994,0.0027066,0.2415,0.1124,0.2316359,0.0001081,0.3032497,-5.5216978,1
608336,Joey Gallo,,0.0818,0.0295,0,0.0434,0.0093,0.1107,0.1079,0.0024982,0.3694,0.1324,0.178308,0.0000832,0.2880514,-5.5199597,1
649966,Luis Urias,,0.118,0.037,0,0.03,0.0085,0.1097,0.103,0.0024957,0.2352,0.1072,0.2072133,0.0000967,0.2849532,-5.5210658,1
621466,DJ Stewart,,0.1128,0.0382,0.0028,0.0347,0.0087,0.114,0.1117,0.0024908,0.273,0.1283,0.2162441,0.0001009,0.310352,-5.5200345,1
444482,David Peralta,,0.1571,0.0496,0.0031,0.0214,0.0078,0.1043,0.106,0.0024245,0.2077,0.0759,0.2501894,0.0001168,0.3009976,-5.5213598,1
572761,Matt Carpenter,,0.1082,0.0379,0.0023,0.0294,0.0081,0.1036,0.0991,0.0024241,0.2847,0.1156,0.2010403,0.0000938,0.2856721,-5.5215821,1
571466,Tucker Barnhart,,0.1437,0.0352,0.0025,0.0074,0.0097,0.0899,0.0783,0.0023903,0.2572,0.0986,0.209452,0.0000977,0.2580536,-5.52448,1
543063,Brandon Crawford,,0.1261,0.0454,0.0036,0.0229,0.0079,0.0987,0.0963,0.0023,0.2624,0.0916,0.2179657,0.0001017,0.2831175,-5.5222032,1
543257,Robbie Grossman,,0.1303,0.0398,0.0032,0.0187,0.0085,0.105,0.0931,0.0022019,0.2314,0.1248,0.2193784,0.0001024,0.2939225,-5.5224231,1
660162,Yoan Moncada,,0.153,0.052,0.004,0.032,0.0071,0.114,0.111,0.0021785,0.257,0.082,0.2625272,0.0001225,0.327263,-5.5197603,1
657077,Alex Verdugo,,0.166,0.044,0.003,0.0207,0.0068,0.1129,0.1044,0.0021406,0.1577,0.0836,0.2550196,0.000119,0.3056894,-5.5212446,1
668800,Andrew Knizner,,0.1381,0.0376,0,0.0256,0.0074,0.0968,0.0968,0.0021,0.2428,0.061,0.214377,0.0001,0.2624751,-5.5221,1
649557,Aledmys Diaz,,0.1506,0.0428,0.0027,0.0141,0.0062,0.0981,0.101,0.001912,0.1999,0.0649,0.2247888,0.0001049,0.2638861,-5.522997,1
641432,Willie Calhoun,,0.1539,0.045,0,0.0189,0.0053,0.1074,0.1109,0.0019,0.1473,0.0917,0.2397886,0.0001119,0.2935725,-5.5217892,1
657757,Gavin Sheets,,0.1457,0.0445,0.0029,0.0242,0.0056,0.108,0.1136,0.0017903,0.2114,0.0788,0.235888,0.0001101,0.2919028,-5.5212031,1
543228,Yan Gomes,,0.1527,0.0453,0.0036,0.025,0.0067,0.0992,0.1042,0.0017362,0.2386,0.0513,0.2388532,0.0001115,0.2826405,-5.5215341,1
571771,Enrique Hernandez,,0.1416,0.048,0.0034,0.0252,0.0053,0.1037,0.1064,0.001709,0.1957,0.0744,0.235739,0.00011,0.2923626,-5.5215091,1
,Miguel Sano,,0.1401,0.0443,0.0028,0.0189,0.0078,0.1153,0.1267,0.0016949,0.1662,0.1097,0.231495,0.000108,0.2974375,-5.5208865,1
553882,Omar Narvaez,,0.1366,0.039,0.0036,0.0133,0.0067,0.0976,0.0881,0.0016916,0.1884,0.0916,0.2119111,0.0000989,0.265189,-5.5236531,1
519203,Anthony Rizzo,,0.1411,0.0362,0,0.0272,0.0045,0.1097,0.1128,0.0016381,0.1939,0.0873,0.2240605,0.0001046,0.2848937,-5.5211981,1
592200,Curt Casali,,0.1322,0.0353,0,0.0152,0.0065,0.1006,0.0882,0.0016131,0.2258,0.1069,0.2045684,0.0000955,0.265509,-5.5235126,1
455117,Martin Maldonado,,0.1025,0.0293,0,0.0345,0.0071,0.093,0.0923,0.001584,0.3297,0.0685,0.1785293,0.0000833,0.2437707,-5.5221115,1
545341,Randal Grichuk,,0.1455,0.0494,0.0037,0.0408,0.0047,0.117,0.126,0.0015637,0.185,0.066,0.2563169,0.0001196,0.3234346,-5.5187052,1
456781,Donovan Solano,,0.1712,0.0438,0.0026,0.0195,0.0052,0.1063,0.098,0.001502,0.2162,0.0724,0.2556059,0.0001193,0.2992046,-5.5219412,1
592273,Brandon Drury,,0.1341,0.0405,0.0024,0.0263,0.0043,0.105,0.1141,0.0014754,0.2334,0.0744,0.2196413,0.0001025,0.2770455,-5.521482,1
518735,Yasmani Grandal,,0.139,0.0382,0,0.028,0.0049,0.108,0.1078,0.0013752,0.2,0.0997,0.227924,0.0001064,0.295761,-5.5212294,1
457759,Justin Turner,,0.1498,0.0437,0,0.0226,0.0044,0.1116,0.1103,0.0013366,0.1838,0.1004,0.2402179,0.0001121,0.301805,-5.5214156,1
596129,Daniel Vogelbach,,0.1271,0.0399,0,0.0376,0.0042,0.1162,0.1157,0.0012657,0.2345,0.1236,0.233455,0.0001089,0.3232409,-5.5197875,1
642133,Rowdy Tellez,,0.1337,0.0423,0,0.0394,0.0034,0.1153,0.1282,0.0010732,0.2085,0.0842,0.2352042,0.0001098,0.3082391,-5.519302,1
664034,Ty France,,0.1479,0.0433,0,0.0276,0.0032,0.1101,0.1102,0.0009943,0.1902,0.0773,0.2371302,0.0001107,0.2935721,-5.5211685,1
605204,J.D. Davis,,0.1272,0.0441,0.0029,0.0275,0.0031,0.105,0.1091,0.0009642,0.2847,0.0897,0.2215753,0.0001034,0.2892693,-5.5216309,1
643265,Garrett Cooper,,0.1532,0.0437,0.0035,0.0324,0.0027,0.1044,0.108,0.0008307,0.2776,0.0788,0.2527139,0.0001179,0.3149043,-5.5207651,1
663898,Brendan Rodgers,,0.161,0.05,0,0.0254,0.001,0.1046,0.1069,0.0008294,0.2253,0.0687,0.2538387,0.0001185,0.3030798,-5.5216381,1
553869,Elias Diaz,,0.1503,0.0414,0,0.021,0.0022,0.0985,0.106,0.0007104,0.2244,0.067,0.2279743,0.0001064,0.2729325,-5.5225568,1
502110,J.D. Martinez,,0.1313,0.0474,0,0.0369,0.0016,0.1113,0.121,0.0004965,0.2835,0.0918,0.2373926,0.0001108,0.3127439,-5.5200648,1
663609,Luken Baker,,5.564286,1.567986,0,1.229088,0.042,3.99,4.452,0.0397305,10.878,4.368,0.2221875,0.004355,0.2944538,-4.9961479,42
678554,Curtis Mead,,0.135247,0.034776,0.004416,0.01683,0.026,0.105,0.1093,0.0044925,0.221,0.059,0.2032614,0.0000949,0.2444045,-5.5203849,1